#node	identifier	domain_summary_url	annotation	other_names_and_aliases
AHSA1	9606.ENSP00000216479	Activator of 90 kDa heat shock protein ATPase homolog 1; Acts as a co-chaperone of HSP90AA1. Activates the ATPase activity of HSP90AA1 leading to increase in its chaperone activity. Competes with the inhibitory co-chaperone FNIP1 for binding to HSP90AA1, thereby providing a reciprocal regulatory mechanism for chaperoning of client proteins	https://smart.embl.de/smart/DDvec.cgi?smart=338:Aha1_N(29|161)+Pfam_AHSA1(216|332)+	10598,1X53,AAD09623.1,AAF29000.1,AAF80755.1,AAH00321.1,AAH07398.2,AF161440,AF164791,AHA1,AHSA1,AHSA1-001,AHSA1-002,AHSA1-003,AHSA1-004,AHSA1-005,AHSA1-006,AHSA1-007,AHSA1-008,AHSA1-009,AHSA1-010,AHSA1-011,AHSA1-012,AHSA1-013,AHSA1_HUMAN,AJ243310,AK300766,AK313824,Activator of HSP90 ATPase activity 1,Aha1,B2R9L2,B4DUR9,BAG36559.1,BAG62431.1,BC000321,BC007398,C14orf3,CAB006244,CAB45684.1,CCDS9863,CCDS9863.1,EAW81291.1,ENSG00000100591,ENSP00000216479,ENSP00000440108,ENSP00000450890,ENSP00000451467,ENSP00000451474,ENSP00000451475,ENSP00000451569,ENSP00000452127,ENST00000216479,ENST00000535854,ENST00000553374,ENST00000554156,ENST00000555133,ENST00000555457,ENST00000555473,ENST00000555517,ENST00000555729,ENST00000556369,ENST00000556866,ENST00000556963,ENST00000557476,G3V3W9,G3V438,H0YJG6,HGNC:1189,HPA000903,HSPC322,NM_001321441,NM_001321441.1,NM_012111,NM_012111.2,NP_001308370.1,NP_036243,NP_036243.1,NX_O95433,O95433,OMIM:608466,OTTHUMG00000171539,OTTHUMP00000246371,OTTHUMP00000246372,OTTHUMP00000246373,OTTHUMP00000246374,OTTHUMP00000246375,OTTHUMP00000246376,OTTHUMP00000246377,OTTHUMP00000246378,OTTHUMT00000414016,OTTHUMT00000414017,OTTHUMT00000414018,OTTHUMT00000414019,OTTHUMT00000414020,OTTHUMT00000414021,OTTHUMT00000414022,OTTHUMT00000414023,OTTHUMT00000414024,OTTHUMT00000414025,OTTHUMT00000414026,OTTHUMT00000414027,OTTHUMT00000414028,P38,Q96IL6,Q9P060,UPI0000127BE0,UPI00001FD920,UPI00017A7F99,UPI00021CF2AC,UPI00021CF2AD,UPI00021CF2AE,UPI00021CF2D6,UPI00021CF2D7,activator of HSP90 ATPase activity 1,chromosome 14 open reading frame 3,hAha1,hsa:10598,p38,uc001xtw.3,uc001xtw.4,uc010tvk.1
BAG3	9606.ENSP00000358081	BAG family molecular chaperone regulator 3; Co-chaperone for HSP70 and HSC70 chaperone proteins. Acts as a nucleotide-exchange factor (NEF) promoting the release of ADP from the HSP70 and HSC70 proteins thereby triggering client/substrate protein release. Nucleotide release is mediated via its binding to the nucleotide-binding domain (NBD) of HSPA8/HSC70 where as the substrate release is mediated via its binding to the substrate-binding domain (SBD) of HSPA8/HSC70. Has anti-apoptotic activity. Plays a role in the HSF1 nucleocytoplasmic transport; BCL2 associated athanogene family	https://smart.embl.de/smart/DDvec.cgi?smart=575:WW(21|54)+BAG(421|498)+	9531,A8K5L8,AAD16122.2,AAF26839.1,AAF69592.2,AAH06418.1,AAH14656.1,AAI07787.1,AC012468,AF071218,AF095193,AF127139,AK291333,AL137582,BAF84022.1,BAG cochaperone 3,BAG family molecular chaperone regulator 3,BAG-3,BAG3,BAG3-001,BAG3-002,BAG3_HUMAN,BC006418,BC014656,BC107786,BCL2 associated athanogene 3,BCL2 associated athanogene family,BCL2-associated athanogene 3,BIS,Bcl-2-associated athanogene 3,Bcl-2-binding protein Bis,C9JFK9,CAB70824.1,CAIR-1,CCDS7615,CCDS7615.1,Docking protein CAIR-1,ENSG00000151929,ENSP00000281679,ENSP00000358081,ENSP00000410036,ENST00000281679,ENST00000369085,ENST00000450186,HGNC:939,HPA018493,HPA020586,Hs.523309,Hs.726135,MFM6,NM_004281,NM_004281.3,NP_004272,NP_004272.2,NX_O95817,O95817,OMIM:603883,OTTHUMG00000019155,OTTHUMP00000020599,OTTHUMP00000020600,OTTHUMT00000050662,OTTHUMT00000050663,Q3B763,Q9NT20,Q9P120,UPI0000000C7A,UPI000059D1BD,XM_005270287,XM_005270287.1,XP_005270344,XP_005270344.1,hsa:9531,uc001lem.3,uc001lem.4
CDC37	9606.ENSP00000222005	Cell division cycle 37, hsp90 cochaperone; Hsp90 co-chaperone Cdc37; Co-chaperone that binds to numerous kinases and promotes their interaction with the Hsp90 complex, resulting in stabilization and promotion of their activity. Inhibits HSP90AA1 ATPase activity	https://smart.embl.de/smart/DDvec.cgi?smart=378:CDC37_N(1|127)+CDC37_M(120|282)+CDC37_C(286|378)+	11140,1US7,2K5B,2N5X,2NCA,2W0G,5FWK,5FWL,5FWM,5FWP,5HPE,A0A024R7B7,AAB04798.1,AAB63979.1,AAH00083.1,AAH08793.1,AAP35442.1,AAW34362.1,AC011548,AC134304,AY864824,BC000083,BC008793,BT006796,CAB004214,CCDS12237,CCDS12237.1,CDC37,CDC37 cell division cycle 37 homolog,CDC37-001,CDC37-002,CDC37-003,CDC37-004,CDC37-005,CDC37-006,CDC37-007,CDC37-008,CDC37-009,CDC37-010,CDC37A,CDC37_HUMAN,CHEMBL1795123,Cell division cycle 37,Cell division cycle 37, HSP90 cochaperone,Cell division cycle protein 37,EAW84101.1,EAW84102.1,EAW84103.1,ENSG00000105401,ENSP00000222005,ENSP00000464889,ENSP00000464971,ENSP00000465724,ENSP00000465941,ENSP00000467747,ENST00000222005,ENST00000588498,ENST00000588869,ENST00000589331,ENST00000589625,ENST00000589629,ENST00000589755,ENST00000590632,ENST00000591248,ENST00000593124,HGNC:1735,HPA003928,Hs.160958,Hs.598118,Hsp90 chaperone protein kinase-targeting subunit,Hsp90 co-chaperone Cdc37,Hsp90 co-chaperone Cdc37, N-terminally processed,K7EJ06,K7EKQ2,K7EQA9,NM_007065,NM_007065.3,NP_008996,NP_008996.1,NX_Q16543,OMIM:605065,OTTHUMG00000180578,OTTHUMP00000264657,OTTHUMP00000264658,OTTHUMP00000264659,OTTHUMP00000264660,OTTHUMP00000264661,OTTHUMP00000264662,OTTHUMT00000451987,OTTHUMT00000451988,OTTHUMT00000451989,OTTHUMT00000451990,OTTHUMT00000451991,OTTHUMT00000451992,OTTHUMT00000451993,OTTHUMT00000451994,OTTHUMT00000451995,OTTHUMT00000451996,P50CDC37,Q16543,Q53YA2,U43077,U63131,UPI000012723D,UPI0002840B37,UPI0002840B38,UPI0002840B39,UPI0002840B3A,UPI0002840B3B,cell division cycle 37,cell division cycle 37 homolog,hsa:11140,p50Cdc37,uc002mof.1,uc002mof.2
CREBBP	9606.ENSP00000262367	CREB-binding protein; Acetylates histones, giving a specific tag for transcriptional activation. Also acetylates non-histone proteins, like NCOA3 and FOXO1. Binds specifically to phosphorylated CREB and enhances its transcriptional activity toward cAMP-responsive genes. Acts as a coactivator of ALX1. Acts as a circadian transcriptional coactivator which enhances the activity of the circadian transcriptional activators: NPAS2-ARNTL/BMAL1 and CLOCK- ARNTL/BMAL1 heterodimers. Acetylates PCNA; acetylation promotes removal of chromatin-bound PCNA and its degradation during nucleotide excisi [...] 	https://smart.embl.de/smart/DDvec.cgi?smart=2442:ZnF_TAZ(348|433)+Pfam_KIX(587|667)+BROMO(1084|1194)+KAT11(1342|1648)+ZnF_ZZ(1701|1742)+ZnF_TAZ(1766|1844)+Pfam_Creb_binding(2018|2114)+COIL(2190|2217)+	1387,180850,1JSP,1LIQ,1RDT,1WO3,1WO4,1WO5,1WO6,1WO7,1ZOQ,2.3.1.-,2.3.1.48,2D82,2KJE,2KWF,2L84,2L85,2LXS,2LXT,2N1A,2RNY,3DWY,3P1C,3P1D,3P1E,3P1F,3SVH,4A9K,4N3W,4N4F,4NR4,4NR5,4NR6,4NR7,4NYV,4NYW,4NYX,4OUF,4TQN,4TS8,4WHU,4YK0,5CGP,5DBM,5EIC,5ENG,5EP7,5GH9,5H85,5I83,5I86,5I89,5I8B,5I8G,5J0D,5JEM,5KTU,5KTW,5KTX,5LPJ,5LPL,5MME,5MMG,5MPK,5MPN,5MPZ,5MQE,5MQG,5MQK,5NLK,5NRW,5NU3,5OWK,5SVH,5TB6,5W0E,5W0F,5W0L,5W0Q,5XXH,6ALB,6ALC,6AXQ,6AY3,6AY5,6DMK,6ES5,6ES6,6ES7,6FQO,6FQT,6FQU,6FR0,6FRF,AAC08447.1,AAC51331.2,AAC51339.1,AAC51340.1,AAC51770.1,AB210043,AC004509,AC004651,AC007151,ACF57235.1,ACF57237.1,ACF57238.1,ACF57239.1,ACF57241.1,ACF57242.1,ACF57244.1,ACF57245.1,ACF57249.1,ACF57250.1,ACF57254.1,ACF57258.1,ACF57262.1,ACF57263.1,ACF57265.1,ACF57266.1,ACF57267.1,ACF57268.1,ACF57269.1,ACF57270.1,ACF57273.1,ACF57275.1,ACF57276.1,B5A212,B5A214,B5A215,B5A216,B5A218,B5A219,B5A221,B5A222,B5A226,B5A227,B5A231,B5A235,B5A239,B5A240,B5A242,B5A243,B5A244,B5A246,B5A252,B5A253,BAE06125.1,Bromodomain containing,CAB004212,CBP,CBP_HUMAN,CCDS10509,CCDS10509.1,CCDS45399,CCDS45399.1,CHEMBL5747,CREB binding protein,CREB-binding protein,CREBBP,CREBBP-001,CREBBP-003,CREBBP-004,CREBBP-005,CREBBP-006,CREBBP-007,CREBBP-008,CREBBP-009,CREBBP-010,CREBBP-011,CREBBP-012,CREBBP-013,D3DUC9,E1A/CREB-binding protein ,EAW85335.1,EAW85336.1,EAW85337.1,EC 2.3.1.48,ENSG00000005339,ENSP00000262367,ENSP00000323550,ENSP00000371502,ENSP00000441978,ENSP00000458254,ENSP00000459490,ENSP00000460474,ENSP00000461002,ENST00000262367,ENST00000323508,ENST00000382070,ENST00000543883,ENST00000570939,ENST00000571763,ENST00000571826,ENST00000572134,ENST00000572569,ENST00000573517,ENST00000573672,ENST00000574740,ENST00000575237,ENST00000576720,EU790715,EU790717,EU790718,EU790723,EU790726,EU790727,EU790738,EU790739,EU790745,EU790746,EU790750,EU790754,EU790758,EU790759,EU790761,EU790762,EU790763,EU790764,EU790765,EU790766,EU790779,EU790781,EU790784,HGNC:2348,HPA055861,Histone lysine acetyltransferase CREBBP,Hs.459759,Hs.595172,Hs.600458,Hs.708378,I3L3I5,KAT3A,Lysine acetyltransferases,MKHK1,NM_001079846,NM_001079846.1,NM_004380,NM_004380.2,NP_001073315,NP_001073315.1,NP_004371,NP_004371.2,NX_Q92793,O00147,OMIM:600140,OTTHUMG00000129431,OTTHUMP00000159801,OTTHUMP00000257618,OTTHUMP00000257619,OTTHUMP00000257620,OTTHUMP00000257621,OTTHUMP00000257622,OTTHUMT00000251591,OTTHUMT00000438836,OTTHUMT00000438837,OTTHUMT00000438838,OTTHUMT00000438839,OTTHUMT00000438840,OTTHUMT00000438841,OTTHUMT00000438842,OTTHUMT00000438843,OTTHUMT00000438844,OTTHUMT00000438845,OTTHUMT00000438846,Protein-lysine acetyltransferase CREBBP,Q16376,Q4LE28,Q75MY6,Q92793,RSTS,RSTS1,RTS,Rubinstein-Taybi syndrome,U47741,U85962,U89354,U89355,UPI0000000620,UPI0000EC7F51,UPI00025A2F3B,UPI00025A2F3C,UPI00025A2F55,UPI00025A2F56,XP_005255181,XP_005255181.1,Zinc fingers ZZ-type,hsa:1387,uc002cvv.3,uc002cvv.4,uc002cvw.3
CRYAB	9606.ENSP00000433560	Alpha-crystallin B chain; May contribute to the transparency and refractive index of the lens. Has chaperone-like activity, preventing aggregation of various proteins under a wide range of stress conditions; Small heat shock proteins	https://smart.embl.de/smart/DDvec.cgi?smart=175:Pfam_Crystallin(1|56)+Pfam_HSP20(67|162)+	1410,2KLR,2N0K,2WJ7,2Y1Y,2Y1Z,2Y22,2YGD,3J07,3L1G,3SGM,3SGN,3SGO,3SGP,3SGR,3SGS,4M5S,4M5T,5VVV,6BP9,A0A024R3B9,AAA52104.1,AAA60267.1,AAB23453.1,AAC19161.1,AAH07008.1,AAP35416.1,ACA05949.1,ACI46006.1,AF007162,AK314029,Alpha(B)-crystallin,Alpha-crystallin B chain,B0YIX0,BAG36739.1,BC007008,BT006770,CAB002053,CAB040560,CCDS81626,CCDS8351,CCDS8351.1,CMD1II,CRYA2,CRYAB,CRYAB-001,CRYAB-002,CRYAB-003,CRYAB-004,CRYAB-005,CRYAB-006,CRYAB-007,CRYAB-008,CRYAB-009,CRYAB-010,CRYAB-011,CRYAB-012,CRYAB-013,CRYAB-014,CRYAB-015,CRYAB-201,CRYAB_HUMAN,CTPP2,CTRCT16,Crystallin alpha B,Crystallin, alpha B,E9PJL7,E9PNH7,E9PR44,E9PRA8,E9PRS4,E9PS12,EAW67162.1,EAW67163.1,EAW67165.1,EAW67166.1,EAW67167.1,ENSG00000109846,ENSP00000227251,ENSP00000431754,ENSP00000432182,ENSP00000432454,ENSP00000433560,ENSP00000434247,ENSP00000434269,ENSP00000434793,ENSP00000435046,ENSP00000435411,ENSP00000435931,ENSP00000435960,ENSP00000436051,ENSP00000436089,ENSP00000437149,ENSP00000483554,ENST00000227251,ENST00000524660,ENST00000525823,ENST00000526167,ENST00000526180,ENST00000527899,ENST00000527950,ENST00000528628,ENST00000528961,ENST00000529647,ENST00000531198,ENST00000533280,ENST00000533475,ENST00000533879,ENST00000533971,ENST00000616970,FJ224314,HEL-S-101,HGNC:2389,HPA028724,HSPB5,Heat shock protein beta-5,HspB5,M24906,M28638,MFM2,NM_001289807,NM_001289807.1,NM_001289808,NM_001289808.1,NM_001885,NM_001885.1,NM_001885.2,NP_001276736,NP_001276736.1,NP_001276737,NP_001276737.1,NP_001876,NP_001876.1,NX_P02511,O43416,OMIM:123590,OTTHUMG00000166885,OTTHUMP00000234278,OTTHUMP00000234279,OTTHUMP00000234280,OTTHUMP00000234281,OTTHUMP00000234282,OTTHUMP00000234283,OTTHUMP00000234284,OTTHUMP00000234285,OTTHUMP00000234286,OTTHUMP00000234287,OTTHUMP00000234288,OTTHUMP00000234289,OTTHUMP00000234290,OTTHUMP00000234291,OTTHUMP00000234292,OTTHUMT00000391654,OTTHUMT00000391655,OTTHUMT00000391656,OTTHUMT00000391657,OTTHUMT00000391658,OTTHUMT00000391659,OTTHUMT00000391660,OTTHUMT00000391661,OTTHUMT00000391662,OTTHUMT00000391663,OTTHUMT00000391664,OTTHUMT00000391665,OTTHUMT00000391666,OTTHUMT00000391667,OTTHUMT00000391668,P02511,Q9UC37,Q9UC38,Q9UC39,Q9UC40,Q9UC41,Renal carcinoma antigen NY-REN-27,Rosenthal fiber component,S45630,Small heat shock proteins,UPI00001283A1,UPI000015A4BF,UPI00001FA35A,UPI0001F780B4,UPI0001F780B5,UPI0001F780B6,UPI0001F780B7,UPI0001F780B8,UPI0001F780B9,V9HW27,XM_011542608.1,XP_011540910.1,crystallin alpha B,crystallin, alpha B,hsa:1410,uc001pmf.2,uc010rwp.2,uc031yez.1,uc031yfa.1,uc058hgc.1
DNAJB1	9606.ENSP00000254322	Dnaj heat shock protein family (hsp40) member b1; DnaJ homolog subfamily B member 1; Interacts with HSP70 and can stimulate its ATPase activity. Stimulates the association between HSC70 and HIP. Negatively regulates heat shock-induced HSF1 transcriptional activity during the attenuation and recovery phase period of the heat shock response. Stimulates ATP hydrolysis and the folding of unfolded proteins mediated by HSPA1A/B (in vitro)	https://smart.embl.de/smart/DDvec.cgi?smart=340:DnaJ(3|60)+Pfam_DnaJ_C(164|323)+	1HDJ,2QLD,3337,3AGX,3AGY,3AGZ,4WB7,6BYR,AAH02352.1,AAH19827.1,AC009004,AK301817,AK312624,B4DX52,BAA08495.1,BAA12819.1,BAG35510.1,BAG63264.1,BC002352,BC019827,CAA44287.1,CAB017450,CAG46478.1,CCDS12312,CCDS12312.1,CCDS74295,CCDS74295.1,CR541677,D49547,D85429,DNAJ heat shock proteins,DNAJ1,DNAJB1,DNAJB1-001,DNAJB1-003,DNAJB1-005,DNAJB1-006,DNAJB1-007,DNAJB1-008,DNAJB1-009,DNAJB1-010,DNAJB1-011,DNAJB1-012,DNAJB1-013,DNJB1_HUMAN,DnaJ (Hsp40) homolog, subfamily B, member 1,DnaJ heat shock protein family (Hsp40) member B1,DnaJ heat shock protein family member B1,DnaJ homolog subfamily B member 1,DnaJ homolog, subfamily B, member 1,DnaJ protein homolog 1,EAW84432.1,EAW84433.1,ENSG00000132002,ENSP00000254322,ENSP00000444212,ENSP00000469221,ENSP00000470063,ENSP00000470460,ENSP00000470596,ENSP00000471073,ENSP00000471603,ENSP00000471798,ENSP00000472886,ENST00000254322,ENST00000396969,ENST00000594099,ENST00000595139,ENST00000595992,ENST00000596075,ENST00000596853,ENST00000598235,ENST00000598692,ENST00000601087,ENST00000601533,HDJ1,HGNC:5270,HSP40,HSPF1,Hdj1,Heat shock 40 kDa protein 1,Heat shock protein 40,Hs.515210,Hsp40,Human DnaJ protein 1,M0QXK0,M0QYT3,M0QZD0,M0R080,M0R128,M0R1D6,M0R2Y8,NM_001300914,NM_001300914.1,NM_001313964.1,NM_006145,NM_006145.1,NM_006145.2,NP_001287843,NP_001287843.1,NP_001300893.1,NP_006136,NP_006136.1,NX_P25685,OMIM:604572,OTTHUMG00000183289,OTTHUMP00000271336,OTTHUMP00000271337,OTTHUMP00000271338,OTTHUMP00000271339,OTTHUMP00000271340,OTTHUMP00000271341,OTTHUMP00000271342,OTTHUMP00000271343,OTTHUMP00000271344,OTTHUMP00000271345,OTTHUMT00000465987,OTTHUMT00000465989,OTTHUMT00000465990,OTTHUMT00000465991,OTTHUMT00000465992,OTTHUMT00000465993,OTTHUMT00000465994,OTTHUMT00000465995,OTTHUMT00000465996,OTTHUMT00000465997,OTTHUMT00000465998,P25685,Q6FHS4,RSPH16B,Sis1,UPI0000000C3A,UPI00017A82F0,UPI0002A47243,UPI0002A4724C,UPI0002A475DA,UPI0002A47658,UPI0002A47667,UPI0002A4768A,X62421,XM_006722733,XM_006722733.1,XM_006722734,XM_006722734.3,XM_006722735,XM_006722736,XM_011527956.2,XP_006722796,XP_006722796.1,XP_006722797,XP_006722797.1,XP_006722798,XP_006722798.1,XP_011526258.1,hDj-1,hsa:3337,radial spoke 16 homolog B,uc002myz.1,uc002myz.2,uc010xnr.1,uc010xnr.2
EEF1A1	9606.ENSP00000339063	Elongation factor 1-alpha 1; This protein promotes the GTP-dependent binding of aminoacyl-tRNA to the A-site of ribosomes during protein biosynthesis. With PARP1 and TXK, forms a complex that acts as a T helper 1 (Th1) cell-specific transcription factor and binds the promoter of IFN-gamma to directly regulate its transcription, and is thus involved importantly in Th1 cytokine production; Belongs to the TRAFAC class translation factor GTPase superfamily. Classic translation factor GTPase family. EF-Tu/EF-1A subfamily	https://smart.embl.de/smart/DDvec.cgi?smart=462:Pfam_GTP_EFTU(5|238)+Pfam_GTP_EFTU_D2(260|327)+Pfam_GTP_EFTU_D3(333|442)+	1915,1SYW,3C5J,A6PW80,AAA52343.1,AAA52367.1,AAH08587.1,AAH09733.1,AAH09875.1,AAH10735.1,AAH12509.1,AAH12891.1,AAH14224.1,AAH14892.1,AAH18150.1,AAH18641.1,AAH21686.1,AAH28674.1,AAH38339.1,AAH57391.1,AAH63511.1,AAH66893.1,AAH71741.1,AAH72385.1,AAH82268.1,AAH94687.1,AAI11052.1,AAK95378.1,AAN09722.1,AAN51932.1,AAO15302.1,ABD14421.1,ABO30531.1,AF116726,AF322220,AF328730,AK055058,AK127384,AK289374,AK289442,AK290691,AK315827,AL603910,AY043301,BAF82063.1,BAF82131.1,BAF83380.1,BAF98718.1,BAG51457.1,BAG54498.1,BC008587,BC009733,BC009875,BC010735,BC012509,BC012891,BC014224,BC014892,BC018150,BC018641,BC019669,BC021686,BC028674,BC038339,BC057391,BC063511,BC066893,BC071741,BC072385,BC082268,BC094687,BC111051,CAA27245.1,CAA27325.1,CAA34756.1,CCDS4980,CCDS4980.1,CCS-3,CCS3,CHEMBL1795120,DQ185041,EAW48759.1,EE1A1,EEF-1,EEF1A,EEF1A1,EEF1A1-001,EEF1A1-002,EEF1A1-003,EEF1A1-004,EEF1A1-008,EEF1A1-009,EEF1A1-011,EEF1A1-014,EEF1A1-015,EEF1A1-201,EEF1A1-202,EF-1-alpha-1,EF-Tu,EF1A,EF1A1_HUMAN,EF362804,ENSG00000156508,ENSP00000287062,ENSP00000310144,ENSP00000318614,ENSP00000318704,ENSP00000318915,ENSP00000330054,ENSP00000339053,ENSP00000339063,ENSP00000348651,ENSP00000350920,ENSP00000359273,ENSP00000392366,ENSP00000402463,ENSP00000437371,ENSP00000479055,ENSP00000479609,ENST00000287062,ENST00000309268,ENST00000311405,ENST00000316292,ENST00000322393,ENST00000322411,ENST00000322433,ENST00000331523,ENST00000340017,ENST00000356303,ENST00000358190,ENST00000391977,ENST00000455918,ENST00000456206,ENST00000488500,ENST00000490569,ENST00000491404,ENST00000495333,ENST00000610520,ENST00000615060,Elongation factor 1-alpha,Elongation factor 1-alpha 1,Elongation factor Tu,Eukaryotic elongation factor 1 A-1,GRAF-1EF,HGNC:3189,HNGC:16303,HPA051759,HPA053862,HPA056990,Hs.535192,Hs.547282,Hs.607651,Hs.615221,Hs.661296,Hs.714443,Hs.745122,J04617,LENG7,LOC102724204,Leukocyte receptor cluster member 7,M29548,NM_001402,NM_001402.5,NP_001393,NP_001393.1,NX_P68104,OMIM:130590,OTTHUMG00000015031,OTTHUMP00000016736,OTTHUMP00000063804,OTTHUMP00000063805,OTTHUMP00000066002,OTTHUMP00000196138,OTTHUMT00000041210,OTTHUMT00000041211,OTTHUMT00000041212,OTTHUMT00000128713,OTTHUMT00000128717,OTTHUMT00000128718,OTTHUMT00000128720,OTTHUMT00000128723,OTTHUMT00000132694,P04719,P04720,P68104,PTI1,Q2F837,Q504Z0,Q5JR01,Q6IPS9,Q6IQ15,Q6P4C9,Q8IUB0,Q96C29,Q96EB3,UPI00000012CA,UPI00004A3AEE,UPI000155D637,UPI00015E0621,UPI0002065029,X03558,X03689,X16869,XM_011535514.2,XP_011533816.1,XR_424328,XR_424328.1,XR_429052,XR_429052.1,XR_432796,XR_432796.1,eEF1A-1,hsa:1915,leukocyte receptor cluster member 7,uc003phi.3,uc003phj.3,uc063pot.1
EP300	9606.ENSP00000263253	Histone acetyltransferase p300; Functions as histone acetyltransferase and regulates transcription via chromatin remodeling. Acetylates all four core histones in nucleosomes. Histone acetylation gives an epigenetic tag for transcriptional activation. Mediates cAMP-gene regulation by binding specifically to phosphorylated CREB protein. Mediates acetylation of histone H3 at 'Lys-122' (H3K122ac), a modification that localizes at the surface of the histone octamer and stimulates transcription, possibly by promoting nucleosome instability. Mediates acetylation of histone H3 at 'Lys-27' (H3K [...] 	https://smart.embl.de/smart/DDvec.cgi?smart=2414:ZnF_TAZ(332|417)+Pfam_KIX(566|646)+COIL(1003|1029)+BROMO(1048|1158)+KAT11(1306|1611)+ZnF_ZZ(1664|1705)+ZnF_TAZ(1729|1807)+Pfam_Creb_binding(1992|2098)+	1L3E,1P4Q,2.3.1.-,2.3.1.48,2033,2K8F,2MH0,2MZD,3BIY,3I3J,3IO2,3P57,3T92,4BHW,4PZR,4PZS,4PZT,5BT3,5KJ2,5LKT,5LKU,5LKX,5LKZ,5LPK,5LPM,5NU5,5XZC,6DS6,6FGN,6FGS,6GYR,6GYT,6K4N,6PF1,6PGU,AAA18639.1,AL080243,AL096765,B1AKC2,B5A250,Bromodomain containing,CAB000146,CAH70384.1,CAH73688.1,CAI23037.1,CCDS14010,CCDS14010.1,CHEMBL3784,CREBBP-001,E1A binding protein p300,E1A-associated protein p300,E1A/CREB-binding protein ,EAW60408.1,EC 2.3.1.48,ENSG00000100393,ENSP00000263253,ENSP00000330285,ENSP00000334371,ENSP00000334425,ENST00000263253,ENST00000333196,ENST00000334515,ENST00000334556,EP300,EP300-001,EP300_HUMAN,HGNC:3373,HPA003128,HPA004112,Histone acetyltransferase p300,Histone butyryltransferase p300,Histone crotonyltransferase p300,Hs.517517,Hs.655211,KAT3B,Lysine acetyltransferases,MKHK2,NM_001429,NM_001429.3,NP_001420,NP_001420.2,NX_Q09472,OMIM:602700,OTTHUMG00000150937,OTTHUMP00000198754,OTTHUMT00000320600,P300,Protein 2-hydroxyisobutyryltransferase p300,Protein propionyltransferase p300,Q09472,RSTS2,U01877,UPI00001AE876,Zinc fingers ZZ-type,histone acetyltransferase p300,hsa:2033,p300,p300 HAT,uc003azl.4,uc003azl.5,uc003azl.6
FKBP4	9606.ENSP00000001008	Peptidyl-prolyl cis-trans isomerase FKBP4; Immunophilin protein with PPIase and co-chaperone activities. Component of steroid receptors heterocomplexes through interaction with heat-shock protein 90 (HSP90). May play a role in the intracellular trafficking of heterooligomeric forms of steroid hormone receptors between cytoplasm and nuclear compartments. The isomerase activity controls neuronal growth cones via regulation of TRPC1 channel opening. Acts also as a regulator of microtubule dynamics by inhibiting MAPT/TAU ability to promote microtubule assembly. May have a protective role a [...] 	https://smart.embl.de/smart/DDvec.cgi?smart=459:Pfam_FKBP_C(43|135)+Pfam_FKBP_C(160|250)+TPR(270|303)+TPR(319|352)+TPR(353|386)+COIL(398|428)+	1N1A,1P5Q,1Q1C,1QZ2,2288,4DRJ,4LAV,4LAW,4LAX,4LAY,4TW8,5.2.1.8,51 kDa FK506-binding protein,52 kDa FK506-binding protein,52 kDa FKBP,59 kDa immunophilin,AAA36111.1,AAH01786.1,AAH07924.1,BC001786,BC007924,CAB017441,CCDS8512,CCDS8512.1,CHEMBL4050,D3DUQ1,EAW88889.1,EAW88890.1,EC 5.2.1.8,ENSG00000004478,ENSP00000001008,ENSP00000438491,ENSP00000439703,ENSP00000442193,ENSP00000446368,ENST00000001008,ENST00000538622,ENST00000539181,ENST00000540260,ENST00000543037,ENST00000543769,ENST00000544366,F5H120,F5H1U3,FK506 binding protein 4,FK506 binding protein 4, 59kDa,FK506-binding protein 4,FK506-binding protein 4/5 ,FKBP prolyl isomerase 4,FKBP prolyl isomerases,FKBP-4,FKBP-52,FKBP4,FKBP4-001,FKBP4-002,FKBP4-003,FKBP4-004,FKBP4-005,FKBP4-006,FKBP4-007,FKBP4_HUMAN,FKBP51,FKBP52,FKBP59,HBI,HGNC:3720,HPA006148,HSP-binding immunophilin,Hs.524183,Hs.598828,Hsp56,Immunophilin FKBP52,M88279,NM_002014,NM_002014.3,NP_002005,NP_002005.1,NX_Q02790,OMIM:600611,OTTHUMG00000090429,OTTHUMP00000115497,OTTHUMP00000237936,OTTHUMP00000237937,OTTHUMP00000237938,OTTHUMP00000237939,OTTHUMT00000206861,OTTHUMT00000398176,OTTHUMT00000398177,OTTHUMT00000398178,OTTHUMT00000398179,OTTHUMT00000398180,OTTHUMT00000398181,PPIase,PPIase FKBP4,Peptidyl-prolyl cis-trans isomerase FKBP4,Q02790,Q9UCP1,Q9UCV7,Rotamase,Tetratricopeptide repeat domain containing,UPI000013C4D0,UPI00004068A4,UPI000204AABE,UPI000204AABF,UPI000204AAC0,hsa:2288,p52,p59,uc001qkz.3,uc001qkz.4
GSK3B	9606.ENSP00000324806	Glycogen synthase kinase-3 beta; Constitutively active protein kinase that acts as a negative regulator in the hormonal control of glucose homeostasis, Wnt signaling and regulation of transcription factors and microtubules, by phosphorylating and inactivating glycogen synthase (GYS1 or GYS2), EIF2B, CTNNB1/beta-catenin, APC, AXIN1, DPYSL2/CRMP2, JUN, NFATC1/NFATC, MAPT/TAU and MACF1. Requires primed phosphorylation of the majority of its substrates. In skeletal muscle, contributes to insulin regulation of glycogen synthesis by phosphorylating and inhibiting GYS1 activity and hence glyc [...] 	https://smart.embl.de/smart/DDvec.cgi?smart=433:S_TKc(56|353)+	1GNG,1H8F,1I09,1J1B,1J1C,1O6K,1O6L,1O9U,1PYX,1Q3D,1Q3W,1Q41,1Q4L,1Q5K,1R0E,1UV5,2.7.11.1,2.7.11.26,2932,2JDO,2JDR,2JLD,2O5K,2OW3,2UW9,2X39,2XH5,3CQU,3CQW,3DU8,3E87,3E88,3E8D,3F7Z,3F88,3GB2,3I4B,3L1S,3M1S,3MV5,3OW4,3PUP,3Q3B,3QKK,3SAY,3SD0,3ZDI,3ZRK,3ZRL,3ZRM,4ACC,4ACD,4ACG,4ACH,4AFJ,4B7T,4DIT,4EKK,4IQ6,4J1R,4J71,4NM0,4NM3,4NM5,4NM7,4PTC,4PTE,4PTG,5F94,5F95,5HLN,5HLP,5K5N,5KPK,5KPL,5KPM,5OY4,5T31,6B8J,6BUU,6GJO,6GN1,6H0U,6HK3,6HK4,6HK7,6NPZ,AAA66475.1,AAC69340.1,AAD48517.1,AAH00251.1,AAH12760.1,ABX89591.1,AF074333,AF098789,AK290897,BAF83586.1,BC000251,BC012760,CAB016263,CAG38748.1,CCDS2996,CCDS2996.1,CCDS54628,CCDS54628.1,CHEMBL2095188,CR536510,D3DN89,EAW79533.1,EAW79534.1,EAW79535.1,EAW79536.1,EC 2.7.11.26,ENSG00000082701,ENSP00000264235,ENSP00000324806,ENSP00000437981,ENST00000264235,ENST00000316626,ENST00000473886,ENST00000474830,ENST00000539838,EU302497,GSK-3 beta,GSK3B,GSK3B-001,GSK3B-002,GSK3B-003,GSK3B-004,GSK3B_HUMAN,Glycogen synthase kinase 3 beta,Glycogen synthase kinase 3 beta ,Glycogen synthase kinase-3 beta,HGNC:4617,HPA028017,Hs.614334,Hs.743698,L33801,NM_001146156,NM_001146156.1,NM_002093,NM_002093.3,NP_001139628,NP_001139628.1,NP_002084,NP_002084.2,NX_P49841,OMIM:605004,OTTHUMG00000133765,OTTHUMP00000165239,OTTHUMP00000165240,OTTHUMT00000258240,OTTHUMT00000258241,OTTHUMT00000319789,OTTHUMT00000319790,P49841,Q6FI27,Q9BWH3,Q9UL47,Serine/threonine-protein kinase GSK3B,UPI000002ACBB,UPI000004DAA4,XP_006713673,XP_006713673.1,XP_006713674,XP_006713674.1,glycogen synthase kinase 3 beta,hsa:2932,uc003edn.3,uc003edn.4,uc003edo.3
HDAC6	9606.ENSP00000334061	Histone deacetylase 6; Responsible for the deacetylation of lysine residues on the N-terminal part of the core histones (H2A, H2B, H3 and H4). Histone deacetylation gives a tag for epigenetic repression and plays an important role in transcriptional regulation, cell cycle progression and developmental events. Histone deacetylases act via the formation of large multiprotein complexes (By similarity). Plays a central role in microtubule-dependent cell motility via deacetylation of tubulin. Involved in the MTA1-mediated epigenetic regulation of ESR1 expression in breast cancer	https://smart.embl.de/smart/DDvec.cgi?smart=1215:Pfam_Hist_deacetyl(105|402)+Pfam_Hist_deacetyl(500|798)+ZnF_UBP(1132|1181)+	10013,3.5.1.-,3.5.1.98,3C5K,3GV4,3PHD,5B8D,5EDU,5KH3,5KH7,5KH9,5WBN,5WPB,6CE6,6CE8,6CEA,6CEC,6CED,6CEE,6CEF,A0A024QZ26,A6NDI8,AAD29048.1,AAH13737.1,AAH69243.1,AB020708,AF132609,AJ011972,AK302926,B4DZH6,BAA74924.2,BAG64088.1,BC013737,BC069243,C9J172,C9JEF4,CAA09893.1,CAB004236,CCDS14306,CCDS14306.1,CPBHM,E7EP63,E7EPS2,E7ER52,E9PEH1,EAW50746.1,EAW50747.1,EAW50748.1,EC 3.5.1.98,ENSG00000094631,ENSP00000209500,ENSP00000313131,ENSP00000313283,ENSP00000313771,ENSP00000313863,ENSP00000314310,ENSP00000314678,ENSP00000334061,ENSP00000341548,ENSP00000365790,ENSP00000365795,ENSP00000365797,ENSP00000365798,ENSP00000365804,ENSP00000365831,ENSP00000392815,ENSP00000393916,ENSP00000394377,ENSP00000397697,ENSP00000398566,ENSP00000398801,ENSP00000402189,ENSP00000402751,ENSP00000403370,ENSP00000405449,ENSP00000440614,ENST00000209500,ENST00000326534,ENST00000326546,ENST00000326553,ENST00000326565,ENST00000326585,ENST00000326607,ENST00000334136,ENST00000338762,ENST00000376605,ENST00000376610,ENST00000376612,ENST00000376613,ENST00000376619,ENST00000376643,ENST00000413163,ENST00000423941,ENST00000426196,ENST00000430858,ENST00000436813,ENST00000438518,ENST00000440653,ENST00000441703,ENST00000443563,ENST00000444343,ENST00000461608,ENST00000462730,ENST00000465269,ENST00000465457,ENST00000468949,ENST00000469223,ENST00000470942,ENST00000476625,ENST00000477528,ENST00000477561,ENST00000478095,ENST00000480525,ENST00000481929,ENST00000483506,ENST00000483656,ENST00000485102,ENST00000486227,ENST00000486665,ENST00000488543,ENST00000488905,ENST00000489053,ENST00000489352,ENST00000493923,ENST00000495515,ENST00000498808,ENST00000540576,FLJ16239,HD6,HDAC6,HDAC6-001,HDAC6-002,HDAC6-003,HDAC6-004,HDAC6-005,HDAC6-007,HDAC6-009,HDAC6-010,HDAC6-012,HDAC6-013,HDAC6-015,HDAC6-016,HDAC6-017,HDAC6-018,HDAC6-019,HDAC6-020,HDAC6-021,HDAC6-022,HDAC6-023,HDAC6-024,HDAC6-025,HDAC6-026,HDAC6-027,HDAC6-028,HDAC6-029,HDAC6-030,HDAC6-031,HDAC6-032,HDAC6-033,HDAC6-034,HDAC6-035,HDAC6-036,HDAC6-037,HDAC6-038,HDAC6-039,HDAC6-040,HDAC6_HUMAN,HGNC:14064,HPA003714,HPA026321,Histone deacetylase 6,Histone deacetylase 6 ,Histone deacetylases, class IIB,Hs.6764,JM21,KIAA0901,NM_001321225,NM_001321226.1,NM_001321227.1,NM_001321228.1,NM_001321229.1,NM_006044,NM_006044.2,NM_006044.3,NP_001308155,NP_001308155.1,NP_001308156.1,NP_001308157.1,NP_001308158.1,NP_006035,NP_006035.2,NX_Q9UBN7,O94975,OMIM:300272,OTTHUMG00000034496,OTTHUMP00000032398,OTTHUMP00000032402,OTTHUMP00000032403,OTTHUMP00000197663,OTTHUMP00000197664,OTTHUMP00000197665,OTTHUMP00000197666,OTTHUMP00000197667,OTTHUMP00000197668,OTTHUMP00000197669,OTTHUMP00000197670,OTTHUMT00000083394,OTTHUMT00000083395,OTTHUMT00000083396,OTTHUMT00000083397,OTTHUMT00000083398,OTTHUMT00000083400,OTTHUMT00000083402,OTTHUMT00000083403,OTTHUMT00000083405,OTTHUMT00000083406,OTTHUMT00000083408,OTTHUMT00000083409,OTTHUMT00000318628,OTTHUMT00000318629,OTTHUMT00000318630,OTTHUMT00000318631,OTTHUMT00000318632,OTTHUMT00000318633,OTTHUMT00000318634,OTTHUMT00000318635,OTTHUMT00000318636,OTTHUMT00000318637,OTTHUMT00000318638,OTTHUMT00000318639,OTTHUMT00000318640,OTTHUMT00000318641,OTTHUMT00000318642,OTTHUMT00000318643,OTTHUMT00000318644,OTTHUMT00000318645,OTTHUMT00000318646,OTTHUMT00000318647,OTTHUMT00000318648,OTTHUMT00000318649,OTTHUMT00000318650,OTTHUMT00000318651,PPP1R90,Protein phosphatase 1 regulatory subunits,Q6NT75,Q7L3E5,Q96CY0,Q9UBN7,Tubulin-lysine deacetylase HDAC6,UPI0000073E04,UPI000059DB0B,UPI000059DB0C,UPI0001610C59,UPI0001610C5A,UPI0001610C5B,UPI0001610C5C,UPI0001610C5D,UPI0001610C5E,XM_005272564,XM_005272564.1,XM_005272565,XM_005272565.1,XM_005272566,XM_005272566.1,XM_005272568,XM_005272568.1,XM_006724525,XM_006724525.1,XP_005272621,XP_005272621.1,XP_005272622,XP_005272622.1,XP_005272623,XP_005272623.1,XP_005272625,XP_005272625.1,XP_006724588,XP_006724588.1,histone deacetylase 6,hsa:10013,protein phosphatase 1, regulatory subunit 90,uc004dkr.1,uc004dks.1,uc004dks.2,uc004dkt.1,uc004dku.4,uc011mmj.1
HSF1	9606.ENSP00000431512	Heat shock factor protein 1; Function as a stress-inducible and DNA-binding transcription factor that plays a central role in the transcriptional activation of the heat shock response (HSR), leading to the expression of a large class of molecular chaperones heat shock proteins (HSPs) that protect cells from cellular insults' damage. In unstressed cells, is present in a HSP90-containing multichaperone complex that maintains it in a non-DNA-binding inactivated monomeric form. Upon exposure to heat and other stress stimuli, undergoes homotrimerization and activates HSP gene transcription  [...] 	https://smart.embl.de/smart/DDvec.cgi?smart=529:HSF(14|118)+Pfam_Vert_HS_TF(247|529)+	2LDU,3297,5D5U,5D5V,5HDG,5HDN,A8K4L0,A8MW26,AAA52695.1,AAH14638.1,AAP36015.1,AC110280,AK125467,AK290975,AK300205,B3KWP0,B4DTG4,BAF83664.1,BAG54202.1,BAG61976.1,BC014638,BT007351,CAB004239,CCDS6419,CCDS6419.1,CHEMBL5869,E9PI02,E9PMQ6,ENSG00000185122,ENSP00000332698,ENSP00000383589,ENSP00000383590,ENSP00000413658,ENSP00000431512,ENSP00000436616,ENSP00000480423,ENSP00000481007,ENSP00000484174,ENST00000328245,ENST00000400779,ENST00000400780,ENST00000415363,ENST00000527328,ENST00000528199,ENST00000528838,ENST00000528842,ENST00000528988,ENST00000529630,ENST00000530661,ENST00000531447,ENST00000532338,ENST00000533130,ENST00000533240,ENST00000534314,ENST00000614796,HGNC:5224,HPA008888,HSF 1,HSF1,HSF1-001,HSF1-002,HSF1-003,HSF1-004,HSF1-005,HSF1-006,HSF1-007,HSF1-008,HSF1-009,HSF1-010,HSF1-011,HSF1-012,HSF1-013,HSF1-014,HSF1_HUMAN,HSTF 1,HSTF1,Heat shock factor protein 1,Heat shock transcription factor 1,Hs.530227,M64673,NM_005526,NM_005526.2,NM_005526.3,NP_005517,NP_005517.1,NX_Q00613,OMIM:140580,OTTHUMG00000174604,OTTHUMP00000252235,OTTHUMP00000252236,OTTHUMP00000252237,OTTHUMP00000253911,OTTHUMP00000253912,OTTHUMP00000253913,OTTHUMT00000426985,OTTHUMT00000426986,OTTHUMT00000426987,OTTHUMT00000426988,OTTHUMT00000426989,OTTHUMT00000426990,OTTHUMT00000426991,OTTHUMT00000426992,OTTHUMT00000426993,OTTHUMT00000426994,OTTHUMT00000426995,OTTHUMT00000426996,OTTHUMT00000426997,OTTHUMT00000426998,Q00613,Q53XT4,UPI0000000DE5,UPI0001EECA18,UPI0001F781B1,UPI0002466C2D,UPI0002466C2E,UPI0002466C2F,XM_017013377.1,XP_005272372,XP_005272372.1,XP_005272373,XP_005272373.1,XP_005272374,XP_005272374.1,XP_016868866.1,heat shock transcription factor 1,hsa:3297,uc003zbt.4,uc003zbt.5,uc003zbu.4
HSP90AA1	9606.ENSP00000335153	Heat shock protein HSP 90-alpha; Molecular chaperone that promotes the maturation, structural maintenance and proper regulation of specific target proteins involved for instance in cell cycle control and signal transduction. Undergoes a functional cycle that is linked to its ATPase activity which is essential for its chaperone activity. This cycle probably induces conformational changes in the client proteins, thereby causing their activation. Interacts dynamically with various co-chaperones that modulate its substrate recognition, ATPase cycle and chaperone function. Engages with a ra [...] 	https://smart.embl.de/smart/DDvec.cgi?smart=854:HATPase_c(162|316)+Pfam_HSP90(318|844)+	140573,140574,140576,1BYQ,1OSF,1UY6,1UY7,1UY8,1UY9,1UYC,1UYD,1UYE,1UYF,1UYG,1UYH,1UYI,1UYK,1UYL,1YC1,1YC3,1YC4,1YER,1YES,1YET,2BSM,2BT0,2BUG,2BYH,2BYI,2BZ5,2C2L,2CCS,2CCT,2CCU,2CDD,2FWY,2FWZ,2H55,2JJC,2K5B,2QF6,2QFO,2QG0,2QG2,2UWD,2VCI,2VCJ,2WI1,2WI2,2WI3,2WI4,2WI5,2WI6,2WI7,2XAB,2XDK,2XDL,2XDS,2XDU,2XDX,2XHR,2XHT,2XHX,2XJG,2XJJ,2XJX,2XK2,2YE2,2YE3,2YE4,2YE5,2YE6,2YE7,2YE8,2YE9,2YEA,2YEB,2YEC,2YED,2YEE,2YEF,2YEG,2YEH,2YEI,2YEJ,2YI0,2YI5,2YI6,2YI7,2YJW,2YJX,2YK2,2YK9,2YKB,2YKC,2YKE,2YKI,2YKJ,3320,3B24,3B25,3B26,3B27,3B28,3BM9,3BMY,3D0B,3EKO,3EKR,3FT5,3FT8,3HEK,3HHU,3HYY,3HYZ,3HZ1,3HZ5,3INW,3INX,3K97,3K98,3K99,3MNR,3O0I,3OW6,3OWB,3OWD,3Q6M,3Q6N,3QDD,3QTF,3R4M,3R4N,3R4O,3R4P,3R91,3R92,3RKZ,3RLP,3RLQ,3RLR,3T0H,3T0Z,3T10,3T1K,3T2S,3TUH,3VHA,3VHC,3VHD,3WHA,3WQ9,4AIF,4AWO,4AWP,4AWQ,4B7P,4BQG,4BQJ,4CGQ,4CGU,4CGV,4CGW,4CWF,4CWN,4CWO,4CWP,4CWQ,4CWR,4CWS,4CWT,4EEH,4EFT,4EFU,4EGH,4EGI,4EGK,4FCP,4FCQ,4FCR,4HY6,4JQL,4L8Z,4L90,4L91,4L93,4L94,4LWE,4LWF,4LWG,4LWH,4LWI,4NH7,4NH8,4O04,4O05,4O07,4O09,4O0B,4R3M,4U93,4W7T,4XIP,4XIQ,4XIR,4XIT,4YKQ,4YKR,4YKT,4YKU,4YKW,4YKX,4YKY,4YKZ,5CF0,5FNC,5FND,5FNF,5GGZ,5J20,5J27,5J2V,5J2X,5J64,5J6L,5J6M,5J6N,5J80,5J82,5J86,5J8M,5J8U,5J9X,5LNY,5LNZ,5LO0,5LO1,5LO5,5LO6,5LQ9,5LR1,5LR7,5LRL,5LRZ,5LS1,5M4E,5M4H,5NYH,5NYI,5OCI,5OD7,5ODX,5T21,5VYY,5XQD,5XQE,5XR5,5XR9,5XRB,5XRD,5XRE,5ZR3,6B99,6B9A,6CEO,6CYG,6CYH,6EI5,6EL5,6ELN,6ELO,6ELP,6EY8,6EY9,6EYA,6EYB,6F1N,6FCJ,6FDP,6GP4,6GP8,6GPF,6GPH,6GPO,6GPP,6GPR,6GPT,6GPW,6GPY,6GQ6,6GQR,6GQS,6GQU,6GR1,6GR3,6GR4,6GR5,6HHR,6N8X,6OLX,A8K500,AAA36023.1,AAA63194.1,AAH00987.1,AAH07989.2,AAH23006.2,AAI21063.1,ABC40730.1,ADD71695.1,AJ890082,AJ890083,AK056446,AK291115,AK291607,B3KPJ9,BAA13430.1,BAA13431.1,BAF83804.1,BAF84296.1,BAG51711.1,BC000987,BC007989,BC023006,BC121062,BX248761,CAA30255.1,CAA33259.1,CAB002058,CAD66568.1,CAI64495.1,CAI64496.1,CCDS32160,CCDS32160.1,CCDS9967,CCDS9967.1,CHEMBL3880,D87666,DQ314871,EAW81765.1,EAW81766.1,EL52,EL52-001,EL52-002,EL52-003,EL52-004,EL52-005,EL52-006,EL52-007,EL52-008,EL52-009,EL52-010,ENSG00000080824,ENSP00000216281,ENSP00000335153,ENSP00000396189,ENSP00000415051,ENSP00000450712,ENSP00000451400,ENSP00000452241,ENST00000216281,ENST00000334701,ENST00000441629,ENST00000456274,ENST00000553585,ENST00000554401,ENST00000555662,ENST00000556554,ENST00000557089,ENST00000557234,ENST00000558600,ENST00000560130,FLJ31884,G3V2J8,G3V592,GQ149083,HEL-S-65p,HGNC:5253,HPA047290,HS90A_HUMAN,HSP 86,HSP86,HSP89A,HSP90A,HSP90AA1,HSP90AA1-001,HSP90AA1-002,HSP90AA1-003,HSP90AA1-004,HSP90AA1-005,HSP90AA1-006,HSP90AA1-007,HSP90AA1-008,HSP90AA1-009,HSP90AA1-010,HSP90N,HSPC1,HSPCA,HSPCAL1,HSPCAL4,HSPN,Heat shock 86 kDa,Heat shock 90kDa proteins,Heat shock protein HSP 90-alpha,Hs.525600,Hs.625033,Hs.700831,Hs.741646,Hsp103,Hsp89,Hsp90,K9JA46,LAP-2,LAP2,LPS-associated protein 2,Lipopolysaccharide-associated protein 2,M27024,M30626,Molecular chaperone HtpG,NM_001017963,NM_001017963.2,NM_005348,NM_005348.3,NP_001017963,NP_001017963.2,NP_005339,NP_005339.3,NX_P07900,OMIM:140571,OTTHUMG00000171752,OTTHUMP00000246766,OTTHUMP00000246767,OTTHUMP00000246768,OTTHUMP00000246769,OTTHUMP00000246782,OTTHUMT00000414952,OTTHUMT00000414953,OTTHUMT00000414954,OTTHUMT00000414955,OTTHUMT00000414956,OTTHUMT00000414957,OTTHUMT00000414958,OTTHUMT00000414978,OTTHUMT00000415295,OTTHUMT00000416446,P07900,Q2PP14,Q5CAQ6,Q5CAQ7,Q86SX1,Q8TBA7,Q96HX7,Q9BVQ5,Renal carcinoma antigen NY-REN-38,UPI0000163B5F,UPI0000408144,UPI0000E59B5B,UPI00021CF466,UPI00021CF467,X07270,X15183,heat shock 90kD protein 1, alpha,heat shock 90kDa protein 1, alpha,heat shock protein 90kDa alpha, class A member 1,hsa:3320,uc001yku.4,uc001yku.5,uc001ykv.4
HSP90AB1	9606.ENSP00000360609	Heat shock protein 90 alpha family class b member 1; Heat shock protein HSP 90-beta; Molecular chaperone that promotes the maturation, structural maintenance and proper regulation of specific target proteins involved for instance in cell cycle control and signal transduction. Undergoes a functional cycle that is linked to its ATPase activity. This cycle probably induces conformational changes in the client proteins, thereby causing their activation. Interacts dynamically with various co-chaperones that modulate its substrate recognition, ATPase cycle and chaperone function. Engages wit [...] 	https://smart.embl.de/smart/DDvec.cgi?smart=724:HATPase_c(35|189)+Pfam_HSP90(191|713)+	1QZ2,1UYM,2L6J,3326,3FWV,3NMQ,3PRY,3UQ3,5FWK,5FWL,5FWM,5FWP,5UC4,5UCH,5UCI,5UCJ,6N8W,6N8Y,A0A024RD80,A8K3W9,AAA36025.1,AAA36026.1,AAD14062.3,AAF82792.1,AAH04928.1,AAH09206.2,AAH12807.1,AAH14485.1,AAH16753.1,AAH68474.1,AAQ63401.1,ABC40731.1,AF275719,AH007358,AK290734,AK312255,AL136543,AL139392,AY359878,B2R5P0,BAF83423.1,BAG35187.1,BC004928,BC009206,BC012807,BC014485,BC016753,BC068474,CAB005230,CAB66478.1,CAI20095.1,CCDS4909,CCDS4909.1,CHEMBL2095165,D6S182,DQ314872,EAX04257.1,EAX04258.1,EAX04260.1,ENSG00000096384,ENSP00000265413,ENSP00000325875,ENSP00000329390,ENSP00000341495,ENSP00000360574,ENSP00000360609,ENSP00000360611,ENSP00000360617,ENSP00000360620,ENSP00000360709,ENSP00000397409,ENSP00000399096,ENSP00000400457,ENSP00000405093,ENSP00000481908,ENST00000265413,ENST00000323814,ENST00000331064,ENST00000343988,ENST00000353801,ENST00000371519,ENST00000371554,ENST00000371556,ENST00000371562,ENST00000371565,ENST00000371646,ENST00000415133,ENST00000428822,ENST00000435812,ENST00000441736,ENST00000620073,HGNC:5258,HPA055729,HS90B_HUMAN,HSP 84,HSP 90,HSP84,HSP90AB1,HSP90AB1-003,HSP90AB1-004,HSP90AB1-005,HSP90AB1-201,HSP90B,HSPC2,HSPCB,Heat shock 84 kDa,Heat shock 90kDa proteins,Heat shock protein HSP 90-beta,Hs.509736,Hs.608245,J04988,M16660,Molecular chaperone HtpG,NM_001271969,NM_001271969.1,NM_001271970,NM_001271970.1,NM_001271971,NM_001271971.1,NM_001271972,NM_001271972.1,NM_007355,NM_007355.3,NP_001258898,NP_001258898.1,NP_001258899,NP_001258899.1,NP_001258900,NP_001258900.1,NP_001258901,NP_001258901.1,NP_031381,NP_031381.2,NX_P08238,OMIM:140572,OTTHUMG00000014761,OTTHUMP00000016517,OTTHUMP00000016518,OTTHUMP00000016519,OTTHUMT00000040728,OTTHUMT00000040729,OTTHUMT00000040730,P08238,Q5T9W7,Q9NQW0,Q9NTK6,UPI00001411EF,XM_005249075,XM_005249075.1,XP_005249132,XP_005249132.1,heat shock 90kD protein 1, beta,heat shock 90kDa protein 1, beta,heat shock protein 90kDa alpha, class B member 1,hsa:3326,uc003oxa.2,uc003oxa.3,uc003oxb.2,uc031sor.1
HSPA1A	9606.ENSP00000364802	Heat shock protein family a member 1a; Heat shock 70 kDa protein 1A; Molecular chaperone implicated in a wide variety of cellular processes, including protection of the proteome from stress, folding and transport of newly synthesized polypeptides, activation of proteolysis of misfolded proteins and the formation and dissociation of protein complexes. Plays a pivotal role in the protein quality control system, ensuring the correct folding of proteins, the re-folding of misfolded proteins and controlling the targeting of proteins for subsequent degradation. This is achieved through cycle [...] 	https://smart.embl.de/smart/DDvec.cgi?smart=641:Pfam_HSP70(6|612)+	1HJO,1S3X,1XQS,2E88,2E8A,2LMG,3303,3304,3A8Y,3ATU,3ATV,3AY9,3D2E,3D2F,3JXU,3LOF,3Q49,4IO8,4J8F,4PO2,4WV5,4WV7,5AQW,5AQX,5AQY,5AQZ,5AR0,5BN8,5BN9,5BPL,5BPM,5BPN,5GJJ,5MKR,5MKS,B4E3B6,BC002453,CAB017451,CAB032815,CCDS34414,CCDS34414.1,ENSG00000204389,ENSP00000364802,ENSP00000364803,ENSP00000391710,ENSP00000402651,ENSP00000445761,ENSP00000477378,ENST00000375651,ENST00000375652,ENST00000435626,ENST00000458062,ENST00000541556,ENST00000608703,HGNC:5232,HS71A_HUMAN,HSP70-1,HSP72,HSPA1,HSPA1A,HSPA1A-001,HSPA1A-002,HSX70,Heat shock 70 kDa protein 1,Heat shock 70 kDa protein 1A,Heat shock 70kDa protein 1A,Heat shock 70kDa proteins,Hs.274402,NM_005345,NM_005345.5,NP_005336,NP_005336.3,NP_005337.2,NX_P0DMV8,OMIM:140550,OTTHUMG00000031201,OTTHUMP00000029287,OTTHUMP00000274270,OTTHUMT00000076401,OTTHUMT00000268464,P08107,P0DMV8,P19790,Q5JQI4,Q5SP17,Q9UQL9,Q9UQM0,TIM23 complex,heat shock 70kD protein 1A,heat shock 70kDa protein 1A,heat shock protein family A member 1A,uc003nxi.1,uc003nxj.3,uc003nxj.4
HSPA4	9606.ENSP00000302961	Heat shock protein family A member 4; Belongs to the heat shock protein 70 family	https://smart.embl.de/smart/DDvec.cgi?smart=840:Pfam_MreB_Mbl(110|384)+Pfam_HSP70(586|691)+	3308,AAA02807.1,AAH02526.1,AAI10862.1,AAI26123.1,AAI26125.1,AAP36039.1,AB023420,AC113410,AK297762,AK300050,AK300770,AK304578,AK315862,AK315871,AK315875,AK315887,APG-2,APG2,B0AZS1,B0AZT0,B0AZU6,B4DN48,B4DT47,B4DUS3,B4E354,BAA75062.1,BAF98753.1,BAF98762.1,BAF98766.1,BAF98778.1,BAG60110.1,BAG61859.1,BAG62435.1,BAG65366.1,BC002526,BC110861,BC126122,BC126124,BT007375,CAA47885.1,CAB025529,CCDS4166,CCDS4166.1,ENSG00000170606,ENSP00000302457,ENSP00000302961,ENSP00000320325,ENSP00000320397,ENSP00000445221,ENSP00000478102,ENSP00000480688,ENSP00000481686,ENST00000304841,ENST00000304858,ENST00000321941,ENST00000321956,ENST00000504328,ENST00000514825,ENST00000537974,ENST00000615899,ENST00000617074,ENST00000617819,HEL-S-5a,HGNC:5237,HPA010023,HS24/P52,HSP70RY,HSP74_HUMAN,HSPA4,HSPA4-001,HSPA4-003,HSPA4-004,HSPA4-201,HSPA4-202,HSPA4-203,HSPH2,Heat shock 70 kDa protein 4,Heat shock 70-related protein APG-2,Heat shock 70kDa protein 4,Heat shock 70kDa proteins,Heat shock protein family A (Hsp70) member 4,Hs.731440,Hs.90093,L12723,NM_002154,NM_002154.3,NM_198431,NP_002145,NP_002145.3,NX_P34932,O95756,OMIM:601113,OTTHUMG00000129012,OTTHUMP00000159262,OTTHUMT00000251011,OTTHUMT00000370173,OTTHUMT00000370174,P34932,Q2TAL4,Q7KYN0,Q9BUK9,RY,UPI0000070462,UPI000013E9D5,X67640,X67641,X67642,heat shock 70kD protein 4,heat shock 70kDa protein 4,heat shock protein family A member 4,hsa:3308,hsp70,hsp70 RY,hsp70RY,uc003kyj.3,uc003kyj.4
HSPA8	9606.ENSP00000432083	Heat shock cognate 71 kDa protein; Molecular chaperone implicated in a wide variety of cellular processes, including protection of the proteome from stress, folding and transport of newly synthesized polypeptides, activation of proteolysis of misfolded proteins and the formation and dissociation of protein complexes. Plays a pivotal role in the protein quality control system, ensuring the correct folding of proteins, the re-folding of misfolded proteins and controlling the targeting of proteins for subsequent degradation. This is achieved through cycles of ATP binding, ATP hydrolysis a [...] 	https://smart.embl.de/smart/DDvec.cgi?smart=646:Pfam_HSP70(6|612)+	3312,3AGY,3AGZ,3ESK,3FZF,3FZH,3FZK,3FZL,3FZM,3LDQ,3M3Z,4H5N,4H5R,4H5T,4H5V,4H5W,4HWI,4KBQ,5AQF,5AQG,5AQH,5AQI,5AQJ,5AQK,5AQL,5AQM,5AQN,5AQO,5AQP,5AQQ,5AQR,5AQS,5AQT,5AQU,5AQV,604162,6B1I,6B1M,6B1N,A8K7Q2,AAF67622.1,AAH07276.2,AAH08907.2,AAH15699.1,AAH16179.1,AAH16660.1,AAH19816.1,AAK17898.1,AB034951,ACF94502.1,ACI45986.1,AF217511,AF352832,AK292067,AP000926,BAB18615.1,BAF84756.1,BC007276,BC008907,BC015699,BC016179,BC016660,BC019816,CAA68445.1,CAB002056,CCDS44754,CCDS44754.1,CCDS8440,CCDS8440.1,CHEMBL1275223,E9PI65,E9PK54,E9PKE3,E9PLF4,E9PM13,E9PN25,E9PN89,E9PNE6,E9PPY6,E9PQK7,E9PQQ4,E9PS65,EAW67539.1,EAW67540.1,ENSG00000109971,ENSP00000227378,ENSP00000278904,ENSP00000376526,ENSP00000404372,ENSP00000431641,ENSP00000432083,ENSP00000432884,ENSP00000433316,ENSP00000433584,ENSP00000433978,ENSP00000434415,ENSP00000434565,ENSP00000434851,ENSP00000435019,ENSP00000435154,ENSP00000435908,ENSP00000436183,ENSP00000436762,ENSP00000437125,ENSP00000437189,ENST00000227378,ENST00000278904,ENST00000392773,ENST00000453788,ENST00000524552,ENST00000524590,ENST00000525463,ENST00000525624,ENST00000526110,ENST00000526686,ENST00000526862,ENST00000527387,ENST00000527983,ENST00000528292,ENST00000530391,ENST00000531063,ENST00000532007,ENST00000532091,ENST00000532167,ENST00000532182,ENST00000532636,ENST00000532780,ENST00000533238,ENST00000533540,ENST00000534319,ENST00000534567,ENST00000534624,EU668349,FJ224294,HEL-33,HEL-S-72P,HEL-S-72p,HGNC:5241,HPA052504,HSC54,HSC70,HSC71,HSP71,HSP73,HSP7C_HUMAN,HSPA10,HSPA8,HSPA8-001,HSPA8-002,HSPA8-003,HSPA8-004,HSPA8-006,HSPA8-007,HSPA8-008,HSPA8-009,HSPA8-010,HSPA8-011,HSPA8-012,HSPA8-013,HSPA8-014,HSPA8-015,HSPA8-016,HSPA8-018,HSPA8-021,HSPA8-022,HSPA8-023,HSPA8-024,HSPA8-025,HSPA8-026,HSPA8-027,HSPA8-028,Heat shock 70 kDa protein 8,Heat shock 70kDa protein 1/2/6/8,Heat shock 70kDa protein 8,Heat shock 70kDa proteins,Heat shock cognate 71 kDa protein,Heat shock protein family A (Hsp70) member 8,LAP-1,LAP1,LPS-associated protein 1,Lipopolysaccharide-associated protein 1,NIP71,NM_006597,NM_006597.5,NM_153201,NM_153201.3,NP_006588,NP_006588.1,NP_694881,NP_694881.1,NR_001453,NR_001453.2,NR_001454,NR_001454.2,NX_P11142,OMIM:600816,OTTHUMG00000166030,OTTHUMP00000231743,OTTHUMP00000231744,OTTHUMP00000231745,OTTHUMP00000231746,OTTHUMP00000231747,OTTHUMP00000231748,OTTHUMP00000231749,OTTHUMP00000231750,OTTHUMP00000231751,OTTHUMP00000231752,OTTHUMP00000231754,OTTHUMP00000231755,OTTHUMP00000231756,OTTHUMP00000231757,OTTHUMP00000231758,OTTHUMP00000231759,OTTHUMP00000231760,OTTHUMT00000387515,OTTHUMT00000387517,OTTHUMT00000387518,OTTHUMT00000387519,OTTHUMT00000387520,OTTHUMT00000387521,OTTHUMT00000387522,OTTHUMT00000387523,OTTHUMT00000387524,OTTHUMT00000387525,OTTHUMT00000387526,OTTHUMT00000387527,OTTHUMT00000387528,OTTHUMT00000387529,OTTHUMT00000387530,OTTHUMT00000387532,OTTHUMT00000387534,OTTHUMT00000387535,OTTHUMT00000387536,OTTHUMT00000387537,OTTHUMT00000387538,OTTHUMT00000387539,OTTHUMT00000387540,OTTHUMT00000387541,P11142,Q96BE0,Q96H53,Q96IS6,Q9H3R6,Q9NZ87,Spliceosomal C complex,Spliceosomal P complex,UPI0000000801,UPI000002AB61,UPI0000D4CDE0,UPI0000E593B7,UPI0001D54456,UPI0001F77A85,UPI0001F77A86,UPI0001F77A87,UPI0001F77A88,UPI0001F77A8A,UPI0001F77A8B,UPI0001F77A8C,UPI0001F77A8D,UPI0001F77A8E,UPI0001F77A8F,V9HW22,XM_006718831,XM_006718831.1,XM_011542798.1,XP_006718894,XP_006718894.1,XP_011541100.1,Y00371,heat shock 70kD protein 8,heat shock 70kDa protein 8,heat shock protein family A member 8,hsa:3312,uc001pyo.4,uc001pyo.5,uc001pyp.4,uc001pyp.5,uc009zbc.3,uc009zbd.3,uc010rzv.1
HSPB8	9606.ENSP00000281938	Heat shock protein beta-8; Displays temperature-dependent chaperone activity; Belongs to the small heat shock protein (HSP20) family	https://smart.embl.de/smart/DDvec.cgi?smart=196:Pfam_HSP20(93|180)+	26353,AAD55359.1,AAF09481.1,AAF65562.1,AAG17230.1,AAH02673.1,AAP35522.1,AF133207,AF191017,AF217987,AF250138,AK312501,AL136936,Alpha-crystallin C chain,B2R6A6,BAG35403.1,BC002673,BT006876,CAB66870.1,CAG38484.1,CCDS9189,CCDS9189.1,CMT2L,CR533453,CRYAC,DHMN2,E2-induced gene 1 protein,E2IG1,EAW98144.1,ENSG00000152137,ENSP00000281938,ENSP00000441541,ENST00000281938,ENST00000541798,ENST00000542496,H11,HGNC:30171,HMN2,HMN2A,HPA015876,HSP22,HSPB8,HSPB8-001,HSPB8-002,HSPB8-003,HSPB8_HUMAN,Heat shock 22kDa protein 8,Heat shock protein beta-8,Heat shock protein family B (small) member 8,Hs.400095,HspB8,LRG_249,LRG_249t1,NM_014365,NM_014365.2,NP_055180,NP_055180.1,NX_Q9UJY1,OMIM:608014,OTTHUMG00000168932,OTTHUMP00000239768,OTTHUMP00000239769,OTTHUMT00000401647,OTTHUMT00000401648,OTTHUMT00000401649,PP1629,Protein kinase H11,Q6FIH3,Q9UJY1,Q9UKS3,Small heat shock proteins,Small stress protein-like protein HSP22,UPI0000037C1B,UPI000204AB80,heat shock 22kDa protein 8,heat shock 27kDa protein 8,heat shock protein family B member 8,hsa:26353,uc001txb.3,uc001txb.4
MAPK1	9606.ENSP00000215832	Mitogen-activated protein kinase 1; Serine/threonine kinase which acts as an essential component of the MAP kinase signal transduction pathway. MAPK1/ERK2 and MAPK3/ERK1 are the 2 MAPKs which play an important role in the MAPK/ERK cascade. They participate also in a signaling cascade initiated by activated KIT and KITLG/SCF. Depending on the cellular context, the MAPK/ERK cascade mediates diverse biological functions such as cell growth, adhesion, survival and differentiation through the regulation of transcription, translation, cytoskeletal rearrangements. The MAPK/ERK cascade plays a [...] 	https://smart.embl.de/smart/DDvec.cgi?smart=360:S_TKc(25|313)+	1PME,1TVO,1WZY,2.7.11.1,2.7.11.24,2OJG,2OJI,2OJJ,2Y9Q,3D42,3D44,3I5Z,3I60,3SA0,3TEI,3W55,4FMQ,4FUX,4FUY,4FV0,4FV1,4FV2,4FV3,4FV4,4FV5,4FV6,4FV7,4FV8,4FV9,4G6N,4G6O,4H3P,4H3Q,4IZ5,4IZ7,4IZA,4N0S,4NIF,4O6E,4QP1,4QP2,4QP3,4QP4,4QP6,4QP7,4QP8,4QP9,4QPA,4QTA,4QTE,4XJ0,4ZXT,4ZZM,4ZZN,4ZZO,5594,5AX3,5BUE,5BUI,5BUJ,5BVD,5BVE,5BVF,5K4I,5LCJ,5LCK,5NGU,5NHF,5NHH,5NHJ,5NHL,5NHO,5NHP,5NHV,5V60,5V61,5V62,5WP1,6D5Y,6DMG,6G54,6G8X,6G91,6G92,6G93,6G97,6G9A,6G9D,6G9H,6G9J,6G9K,6G9M,6G9N,6GDM,6GDQ,6GE0,6GJB,6GJD,6NBS,6OPG,6OPH,6OPI,6Q7K,6Q7S,6Q7T,6QA1,6QA3,6QA4,6QAG,6QAH,6QAL,6QAQ,6QAW,6SLG,A8CZ64,AAA58459.1,AAH17832.1,ABD60303.1,ABF47102.1,ABY87541.1,AGC09596.1,AK295188,AP000554,AP000555,B4DHN0,BAG58192.1,BC017832,CAA77752.1,CAA77753.1,CAB004229,CCDS13795,CCDS13795.1,CHEMBL4040,DQ399292,DQ508104,EAW59479.1,EAW59480.1,EAW59481.1,EAW59482.1,EC 2.7.11.24,ENSG00000100030,ENSP00000215832,ENSP00000316795,ENSP00000381803,ENSP00000409149,ENSP00000440842,ENST00000215832,ENST00000319115,ENST00000398822,ENST00000415911,ENST00000491588,ENST00000544786,ERK,ERK-2,ERK2,ERT1,EU332852,Extracellular signal-regulated kinase 2,HGNC:6871,HPA003995,HPA005700,HPA030069,Hs.431850,JX512449,M84489,MAP kinase 1,MAP kinase 2,MAP kinase isoform p42,MAPK 1,MAPK 2,MAPK1,MAPK1-001,MAPK1-002,MAPK1-003,MAPK1-201,MAPK2,MK01_HUMAN,Mitogen-activated protein kinase 1,Mitogen-activated protein kinase 1/3 ,Mitogen-activated protein kinase 2,Mitogen-activated protein kinases,NM_002745,NM_002745.4,NM_138957,NM_138957.2,NM_138957.3,NP_002736,NP_002736.3,NP_620407,NP_620407.1,NX_P28482,OMIM:176948,OTTHUMG00000030508,OTTHUMP00000028754,OTTHUMP00000174492,OTTHUMT00000075396,OTTHUMT00000268186,OTTHUMT00000268187,P28482,P42MAPK,PRKM1,PRKM2,Q1HBJ4,UPI000000104F,UPI00005A4AF1,Z11694,Z11695,hsa:5594,mitogen-activated protein kinase 1,p38,p40,p41,p41mapk,p42-MAPK,uc002zvn.3,uc002zvn.4,uc002zvo.3,uc010gtk.1,uc010gtk.2
MAPK14	9606.ENSP00000229795	Mitogen-activated protein kinase 14; Serine/threonine kinase which acts as an essential component of the MAP kinase signal transduction pathway. MAPK14 is one of the four p38 MAPKs which play an important role in the cascades of cellular responses evoked by extracellular stimuli such as proinflammatory cytokines or physical stress leading to direct activation of transcription factors. Accordingly, p38 MAPKs phosphorylate a broad range of proteins and it has been estimated that they may have approximately 200 to 300 substrates each. Some of the targets are downstream kinases which are a [...] 	https://smart.embl.de/smart/DDvec.cgi?smart=360:S_TKc(24|308)+	1432,1A9U,1BL6,1BL7,1BMK,1DI9,1IAN,1KV1,1KV2,1M7Q,1OUK,1OUY,1OVE,1OZ1,1R39,1R3C,1W7H,1W82,1W83,1W84,1WBN,1WBO,1WBS,1WBT,1WBV,1WBW,1WFC,1YQJ,1ZYJ,1ZZ2,1ZZL,2.7.11.24,2BAJ,2BAK,2BAL,2BAQ,2FSL,2FSM,2FSO,2FST,2GFS,2I0H,2LGC,2NPQ,2OKR,2ONL,2QD9,2RG5,2RG6,2Y8O,2YIS,2YIW,2YIX,2ZAZ,2ZB0,2ZB1,3BV2,3BV3,3BX5,3C5U,3CTQ,3D7Z,3D83,3DS6,3DT1,3E92,3E93,3FC1,3FI4,3FKL,3FKN,3FKO,3FL4,3FLN,3FLQ,3FLS,3FLW,3FLY,3FLZ,3FMH,3FMJ,3FMK,3FML,3FMM,3FMN,3FSF,3FSK,3GC7,3GCP,3GCQ,3GCS,3GCU,3GCV,3GFE,3GI3,3HA8,3HEC,3HEG,3HL7,3HLL,3HP2,3HP5,3HRB,3HUB,3HUC,3HV3,3HV4,3HV5,3HV6,3HV7,3HVC,3IPH,3ITZ,3IW5,3IW6,3IW7,3IW8,3K3I,3K3J,3KF7,3KQ7,3L8S,3L8X,3LFA,3LFB,3LFC,3LFD,3LFE,3LFF,3LHJ,3MGY,3MH0,3MH1,3MH2,3MH3,3MPA,3MPT,3MVL,3MVM,3MW1,3NEW,3NNU,3NNV,3NNW,3NNX,3NWW,3O8P,3O8T,3O8U,3OBG,3OBJ,3OC1,3OCG,3OD6,3ODY,3ODZ,3OEF,3PG3,3QUD,3QUE,3RIN,3ROC,3S3I,3S4Q,3U8W,3UVP,3UVQ,3UVR,3ZS5,3ZSG,3ZSH,3ZSI,3ZYA,4A9Y,4AA0,4AA4,4AA5,4AAC,4DLI,4DLJ,4E5A,4E5B,4E6A,4E6C,4E8A,4EH2,4EH3,4EH4,4EH5,4EH6,4EH7,4EH8,4EH9,4EHV,4EWQ,4F9W,4F9Y,4FA2,4GEO,4KIN,4KIP,4KIQ,4L8M,4R3C,4ZTH,5ETA,5ETC,5ETF,5ETI,5ML5,5MTX,5MTY,5MZ3,5N63,5N64,5N65,5N66,5N67,5N68,5O8U,5O8V,5OMG,5OMH,5TBE,5TCO,5WJJ,5XYX,5XYY,600290,600601,6ANL,6HWT,6HWU,6HWV,6M95,6M9L,6OHD,6SFI,6SFJ,6SFK,6SFO,A0A024RD15,A6ZJ92,A8K6P4,AAA57455.1,AAA57456.1,AAA74301.1,AAC50329.1,AAF36770.1,AAH00092.1,AAH31574.1,AAP35579.1,AB074150,ABY87549.1,ACI00234.1,AF100544,AGC09599.1,AK291709,AK303414,B0LPH0,B4E0K5,B5TY32,B5TY33,BAB85654.1,BAF84398.1,BAG64467.1,BC000092,BC031574,BT006933,CAB010285,CAB040578,CAG38743.1,CCDS4815,CCDS4815.1,CCDS4816,CCDS4816.1,CCDS4817,CCDS4817.1,CR536505,CSAID-binding protein,CSBP,CSBP1,CSBP2,CSPB1,E7EX54,EAX03869.1,EAX03870.1,EAX03872.1,EAX03873.1,EC 2.7.11.24,ENSG00000112062,ENSP00000229794,ENSP00000229795,ENSP00000308669,ENSP00000317320,ENSP00000323767,ENSP00000323790,ENSP00000417065,ENSP00000417531,ENSP00000419141,ENSP00000419837,ENSP00000478079,ENST00000229794,ENST00000229795,ENST00000310795,ENST00000319821,ENST00000319840,ENST00000319861,ENST00000468133,ENST00000472333,ENST00000474429,ENST00000490379,ENST00000491957,ENST00000496250,ENST00000622903,EU332860,EXIP,FJ032368,HGNC:6876,Hs.485233,Hs.608728,JX512452,L35253,L35263,L35264,L7RSM2,MAP kinase 14,MAP kinase MXI2,MAP kinase p38 alpha,MAPK 14,MAPK14,MAPK14-001,MAPK14-002,MAPK14-003,MAPK14-004,MAPK14-005,MAPK14-006,MAPK14-007,MAPK14-008,MAPK14-009,MAPK14-201,MAX-interacting protein 2,MK14_HUMAN,MXI2,Mitogen-activated protein kinase 14,Mitogen-activated protein kinase p38 alpha,Mitogen-activated protein kinases,Mxi2,NM_001315,NM_001315.2,NM_139012,NM_139012.2,NM_139013.2,NM_139014,NM_139014.2,NP_001306,NP_001306.1,NP_620581,NP_620581.1,NP_620582,NP_620582.1,NP_620583,NP_620583.1,NX_Q16539,O60776,OMIM:600289,OTTHUMG00000159806,OTTHUMP00000216561,OTTHUMP00000216562,OTTHUMP00000216563,OTTHUMP00000216564,OTTHUMP00000216565,OTTHUMP00000216566,OTTHUMP00000216574,OTTHUMT00000357449,OTTHUMT00000357450,OTTHUMT00000357451,OTTHUMT00000357452,OTTHUMT00000357453,OTTHUMT00000357454,OTTHUMT00000357455,OTTHUMT00000357464,OTTHUMT00000357465,P38 MAP kinase ,PRKM14,PRKM15,Q13083,Q14084,Q16539,Q8TDX0,RK,SAPK2A,SAPK2a,Stress-activated protein kinase 2a,U19775,UPI000002AE13,UPI000002AE15,UPI0000110FF1,UPI00017A857A,UPI000181829F,UPI0001B79378,UPI0001B79379,XM_006714998,XM_006714998.1,XP_006715061,XP_006715061.1,hsa:1432,mitogen-activated protein kinase 14,p38,p38 MAP kinase,p38ALPHA,uc003olp.3,uc003olp.4,uc003olq.3,uc003olr.3,uc011dth.2,uc011dti.2
MAPK3	9606.ENSP00000263025	Mitogen-activated protein kinase 3; Serine/threonine kinase which acts as an essential component of the MAP kinase signal transduction pathway. MAPK1/ERK2 and MAPK3/ERK1 are the 2 MAPKs which play an important role in the MAPK/ERK cascade. They participate also in a signaling cascade initiated by activated KIT and KITLG/SCF. Depending on the cellular context, the MAPK/ERK cascade mediates diverse biological functions such as cell growth, adhesion, survival and differentiation through the regulation of transcription, translation, cytoskeletal rearrangements. The MAPK/ERK cascade plays a [...] 	https://smart.embl.de/smart/DDvec.cgi?smart=379:S_TKc(42|330)+	2.7.11.1,2.7.11.24,2ZOQ,4QTB,5595,6GES,A8CZ58,AAA36142.1,AAH00205.1,AAH13992.1,AAK52329.1,ABD60302.1,ABY87542.1,AGC09597.1,AHW56518.1,AK091009,AY033607,B0LPG3,B3KR49,BAG52261.1,BC000205,BC013992,BX537897,CAA42744.1,CAA77754.1,CAB002683,CAD97888.1,CCDS10672,CCDS10672.1,CCDS42148,CCDS42148.1,CCDS42149,CCDS42149.1,CHEMBL1907606,DKFZP686O0215,DQ399291,E9PBK7,E9PJF0,E9PQW4,E9PRH7,EAW79912.1,EAW79913.1,EAW79915.1,EAW79916.1,EC 2.7.11.24,ENSG00000102882,ENSP00000263025,ENSP00000327293,ENSP00000378625,ENSP00000378626,ENSP00000378628,ENSP00000384895,ENSP00000432292,ENSP00000432479,ENSP00000432742,ENSP00000433169,ENSP00000433639,ENSP00000433746,ENSP00000433894,ENSP00000436772,ENST00000263025,ENST00000322266,ENST00000395199,ENST00000395200,ENST00000395202,ENST00000403394,ENST00000461737,ENST00000466521,ENST00000473431,ENST00000478356,ENST00000481230,ENST00000483869,ENST00000484663,ENST00000485579,ENST00000490298,ENST00000494643,ENST00000495629,ERK-1,ERK1,ERT2,EU332853,Extracellular signal-regulated kinase 1,H0YDH9,H0YEX6,HGNC:6877,HS44KDAP,HUMKER1A,Hs.861,Insulin-stimulated MAP2 kinase,JX512450,KJ534878,L7RXH5,M84490,MAP kinase 3,MAP kinase isoform p44,MAPK 3,MAPK3,MAPK3-001,MAPK3-002,MAPK3-003,MAPK3-004,MAPK3-005,MAPK3-006,MAPK3-007,MAPK3-008,MAPK3-009,MAPK3-011,MAPK3-012,MAPK3-013,MAPK3-014,MAPK3-015,MAPK3-201,MK03_HUMAN,Microtubule-associated protein 2 kinase,Mitogen-activated protein kinase 1/3 ,Mitogen-activated protein kinase 3,Mitogen-activated protein kinases,NM_001040056,NM_001040056.2,NM_001109891,NM_001109891.1,NM_002746,NM_002746.2,NP_001035145,NP_001035145.1,NP_001103361,NP_001103361.1,NP_002737,NP_002737.2,NX_P27361,OMIM:601795,OTTHUMG00000132149,OTTHUMP00000163018,OTTHUMP00000174538,OTTHUMP00000174539,OTTHUMP00000174540,OTTHUMP00000174541,OTTHUMP00000233183,OTTHUMP00000233574,OTTHUMP00000233575,OTTHUMP00000233576,OTTHUMP00000233579,OTTHUMT00000255196,OTTHUMT00000255197,OTTHUMT00000268283,OTTHUMT00000268284,OTTHUMT00000268285,OTTHUMT00000268286,OTTHUMT00000268287,OTTHUMT00000268288,OTTHUMT00000268289,OTTHUMT00000268291,OTTHUMT00000268292,OTTHUMT00000268293,OTTHUMT00000268294,OTTHUMT00000268295,P27361,P44ERK1,P44MAPK,PRKM3,Q7Z3H5,Q8NHX1,Q9BWJ1,UPI0000000DD7,UPI0000140DA1,UPI0000D4CAE9,UPI0000D4D42F,UPI0000D579B4,UPI0000E59D7D,UPI0000E59D80,UPI0001F77D9F,UPI0001F77DA0,UPI0002466FDD,X60188,Z11696,hsa:5595,mitogen-activated protein kinase 3,p44-ERK1,p44-MAPK,p44erk1,p44mapk,uc002dwr.3,uc002dws.3,uc002dws.4,uc002dwv.4,uc032dxc.1
MAPKAPK2	9606.ENSP00000356070	MAP kinase-activated protein kinase 2; Stress-activated serine/threonine-protein kinase involved in cytokine production, endocytosis, reorganization of the cytoskeleton, cell migration, cell cycle control, chromatin remodeling, DNA damage response and transcriptional regulation. Following stress, it is phosphorylated and activated by MAP kinase p38-alpha/MAPK14, leading to phosphorylation of substrates. Phosphorylates serine in the peptide sequence, Hyd-X-R-X(2)-S, where Hyd is a large hydrophobic residue. Phosphorylates ALOX5, CDC25B, CDC25C, CEP131, ELAVL1, HNRNPA0, HSP27/HSPB1, KRT1 [...] 	https://smart.embl.de/smart/DDvec.cgi?smart=400:S_TKc(64|325)+COIL(341|364)+	1KWP,1NXK,1NY3,2.7.11.1,2JBO,2JBP,2OKR,2ONL,2OZA,2P3G,2PZY,3A2C,3FPM,3FYJ,3FYK,3GOK,3KA0,3KC3,3KGA,3M2W,3M42,3R2B,3R2Y,3R30,3WI6,4TYH,9261,AAA20851.1,AAH36060.2,AAH52584.1,AL591846,BC036060,BC052584,CAA53094.1,CAB010297,CAI13543.1,CAI13544.1,CCDS1466,CCDS1466.1,CCDS31001,CCDS31001.1,CHEMBL2208,EAW93526.1,EAW93529.1,EC 2.7.11.1,ENSG00000162889,ENSP00000294981,ENSP00000311523,ENSP00000319440,ENSP00000341011,ENSP00000356070,ENST00000294981,ENST00000307853,ENST00000321077,ENST00000344671,ENST00000367103,ENST00000479009,ENST00000493447,HGNC:6887,HPA045556,Hs.643566,MAP kinase-activated protein kinase 2,MAPK activated protein kinase 2,MAPK-activated protein kinase 2,MAPK2_HUMAN,MAPKAP kinase 2,MAPKAP-K2,MAPKAPK-2,MAPKAPK2,MAPKAPK2-001,MAPKAPK2-002,MAPKAPK2-003,MAPKAPK2-004,MK-2,MK2,NM_004759,NM_004759.4,NM_032960,NM_032960.3,NP_004750,NP_004750.1,NP_116584,NP_116584.2,NX_P49137,OMIM:602006,OTTHUMG00000036342,OTTHUMP00000034531,OTTHUMP00000034532,OTTHUMT00000088465,OTTHUMT00000088466,OTTHUMT00000088467,OTTHUMT00000088468,P49137,Q5SY30,Q5SY41,Q8IYD6,U12779,UPI000002AE18,UPI0000112289,X75346,XP_005273410,XP_005273410.1,hsa:9261,uc001hel.2,uc001hel.3,uc001hem.2,uc001hem.3
MTOR	9606.ENSP00000354558	Serine/threonine-protein kinase mTOR; Serine/threonine protein kinase which is a central regulator of cellular metabolism, growth and survival in response to hormones, growth factors, nutrients, energy and stress signals. MTOR directly or indirectly regulates the phosphorylation of at least 800 proteins. Functions as part of 2 structurally and functionally distinct signaling complexes mTORC1 and mTORC2 (mTOR complex 1 and 2). Activated mTORC1 up-regulates protein synthesis by phosphorylating key regulators of mRNA translation and ribosome synthesis. This includes phosphorylation of EIF [...] 	https://smart.embl.de/smart/DDvec.cgi?smart=2549:DUF3385(854|1024)+Pfam_FAT(1513|1908)+Rapamycin_bind(2015|2114)+PI3Kc(2183|2484)+FATC(2517|2549)+	1AUE,1FAP,1NSG,2.7.11.1,2475,2FAP,2GAQ,2NPU,2RSE,3FAP,3JBZ,4DRH,4DRI,4DRJ,4FAP,4JSN,4JSP,4JSV,4JSX,4JT5,4JT6,5FLC,5GPG,5H64,5WBH,5WBU,5WBY,5ZCS,6BCU,6BCX,6SB0,6SB2,AAA58486.1,AAC39933.1,AAC41713.1,AAI17167.1,AB209995,AL049653,AL359082,AL391561,Armadillo-like helical domain containing,B1AKP8,B1AKQ2,BAE06077.1,BC117166,CAB005057,CAC15570.1,CAC42395.1,CAI17228.1,CAI22105.1,CAI22145.1,CCDS127,CCDS127.1,CHEMBL2221341,EC 2.7.11.1,ENSG00000198793,ENSP00000354558,ENSP00000354587,ENSP00000366034,ENSP00000366056,ENSP00000398745,ENSP00000440730,ENSP00000444218,ENST00000361445,ENST00000361947,ENST00000376838,ENST00000376860,ENST00000455339,ENST00000473471,ENST00000476768,ENST00000490931,ENST00000495435,ENST00000536289,ENST00000539766,FKBP-rapamycin associated protein,FKBP12-rapamycin complex-associated protein,FKBP12-rapamycin complex-associated protein 1,FLJ44809,FRAP,FRAP1,FRAP2,HGNC:3942,Hs.338207,Hs.659634,L34075,L35478,LRG_734,LRG_734t1,MTOR,MTOR complex 1,MTOR complex 2,MTOR-001,MTOR-002,MTOR-003,MTOR-004,MTOR-005,MTOR-006,MTOR-007,MTOR_HUMAN,Mammalian target of rapamycin,Mechanistic target of rapamycin,Mechanistic target of rapamycin kinase,NM_004958,NM_004958.3,NP_004949,NP_004949.1,NX_P42345,OMIM:601231,OTTHUMG00000002001,OTTHUMP00000001983,OTTHUMP00000001984,OTTHUMP00000001985,OTTHUMT00000005558,OTTHUMT00000005559,OTTHUMT00000005560,OTTHUMT00000005561,OTTHUMT00000005562,OTTHUMT00000005563,OTTHUMT00000084229,P42345,Q4LE76,Q5TER1,Q6LE87,Q96QG3,Q96QW8,Q9Y4I3,RAFT1,RAPT1,Rapamycin and FKBP12 target 1,Rapamycin target protein 1,SKS,Serine/threonine-protein kinase mTOR,Serine/threonine-protein kinase mTOR ,U88966,UPI000012ABD3,UPI000047004A,UPI0000470A50,XM_005263438,XM_005263438.2,XM_005263439,XM_005263439.2,XP_005263495,XP_005263495.1,XP_005263496,XP_005263496.1,dJ576K7.1,hsa:2475,mTOR,mammalian target of rapamycin,mechanistic target of rapamycin,mechanistic target of rapamycin kinase,rapamycin and FKBP12 target 1,rapamycin associated protein FRAP2,rapamycin target protein,uc001asc.3,uc001asd.3,uc001asd.4
NR3C1	9606.ENSP00000231509	Glucocorticoid receptor; Isoform Alpha-D3: Has lowest transcriptional activation activity of all isoforms created by alternative initiation. Has transcriptional repression activity; Nuclear hormone receptors	https://smart.embl.de/smart/DDvec.cgi?smart=778:Pfam_GCR(26|401)+ZnF_C4(418|490)+HOLI(566|730)+	1M2Z,1NHZ,1P93,2908,3BQD,3CLD,3E7C,3H52,3K22,3K23,4CSJ,4HN5,4HN6,4LSJ,4MDD,4P6W,4P6X,4UDC,4UDD,5CBX,5CBY,5CBZ,5CC1,5E69,5E6A,5E6B,5E6C,5E6D,5EMC,5EMP,5EMQ,5G3J,5G5W,5NFP,5NFT,5UC3,5VA0,5VA7,6BQU,6CFN,6DXK,6EL6,6EL7,6EL9,A0ZXF9,AAA16603.1,AAA53151.1,AAA88049.1,AAB20466.1,AAB64353.1,AAB64354.1,AAC34207.1,AAH15610.1,AAQ97180.1,ABY87547.1,AC005601,AC091925,ADP91134.1,ADP91135.1,ADP91136.1,ADP91137.1,ADP91138.1,ADP91139.1,ADP91140.1,ADP91141.1,ADP91142.1,ADP91143.1,ADP91144.1,ADP91145.1,ADP91146.1,ADP91147.1,ADP91148.1,ADP91149.1,ADP91150.1,ADP91151.1,ADP91152.1,ADP91153.1,ADP91154.1,ADP91155.1,ADP91156.1,ADP91157.1,ADP91158.1,ADP91159.1,ADP91160.1,ADP91161.1,ADP91162.1,ADP91163.1,ADP91164.1,ADP91165.1,ADP91166.1,ADP91167.1,ADP91168.1,ADP91169.1,ADP91170.1,ADP91171.1,ADP91172.1,ADP91173.1,ADP91174.1,ADP91175.1,ADP91176.1,ADP91177.1,ADP91178.1,ADP91179.1,ADP91180.1,ADP91181.1,ADP91182.1,ADP91183.1,ADP91184.1,ADP91185.1,ADP91186.1,ADP91187.1,ADP91188.1,ADP91189.1,ADP91190.1,ADP91191.1,ADP91192.1,ADP91193.1,ADP91194.1,ADP91195.1,ADP91196.1,ADP91197.1,ADP91198.1,ADP91199.1,ADP91200.1,ADP91201.1,ADP91202.1,ADP91203.1,ADP91204.1,ADP91205.1,ADP91206.1,ADP91207.1,ADP91208.1,ADP91209.1,ADP91210.1,ADP91211.1,ADP91212.1,ADP91213.1,ADP91214.1,ADP91215.1,ADP91216.1,ADP91217.1,ADP91218.1,ADP91219.1,ADP91220.1,ADP91221.1,ADP91222.1,ADP91223.1,ADP91224.1,ADP91225.1,ADP91226.1,ADP91227.1,ADP91228.1,ADP91229.1,ADP91230.1,ADP91231.1,ADP91232.1,ADP91233.1,ADP91234.1,ADP91235.1,ADP91236.1,ADP91237.1,ADP91238.1,ADP91239.1,ADP91240.1,ADP91241.1,ADP91242.1,ADP91243.1,ADP91244.1,ADP91245.1,ADP91246.1,ADP91247.1,ADP91248.1,ADP91249.1,ADP91250.1,ADP91251.1,ADP91252.1,ADP91253.1,ADZ17333.1,AH002750,AJ877166,AJ877167,AJ877168,AJ877169,AJ877171,AJ877172,AJ888004,AK223594,AK302050,AM183262,AY436590,B0LPG8,B7Z7I2,BAD97314.1,BAH13618.1,BC015610,BX640610,CAA26976.1,CAA27054.1,CAB010435,CAE45716.1,CAI46893.1,CAI46894.1,CAI46895.1,CAI46896.1,CAI46898.1,CAI46899.1,CAI59612.1,CAJ65924.1,CCDS34258,CCDS34258.1,CCDS4278,CCDS4278.1,CCDS47298,CCDS47298.1,CHEMBL2034,D3DQF4,D6RDA9,E5KQF5,E5KQF6,EAW61870.1,EAW61871.1,EAW61872.1,EAW61873.1,ENSG00000113580,ENSP00000231509,ENSP00000343099,ENSP00000343205,ENSP00000354274,ENSP00000377977,ENSP00000377979,ENSP00000387672,ENSP00000404218,ENSP00000405282,ENSP00000415216,ENSP00000420856,ENSP00000422518,ENSP00000424747,ENSP00000425313,ENSP00000425374,ENSP00000426478,ENSP00000427672,ENST00000231509,ENST00000340823,ENST00000343796,ENST00000361001,ENST00000394464,ENST00000394466,ENST00000415690,ENST00000416954,ENST00000424646,ENST00000454007,ENST00000502500,ENST00000502892,ENST00000503201,ENST00000503701,ENST00000504336,ENST00000504572,ENST00000505058,ENST00000508760,ENST00000510170,ENST00000514699,EU332858,F1D8N4,F5ATB7,GCCR,GCR,GCRST,GCR_HUMAN,GR,GRL,Glucocorticoid receptor,HGNC:7978,HPA004248,HQ205546,HQ205547,HQ205548,HQ205549,HQ205550,HQ205551,HQ205552,HQ205553,HQ205554,HQ205555,HQ205556,HQ205557,HQ205558,HQ205559,HQ205560,HQ205561,HQ205562,HQ205563,HQ205564,HQ205565,HQ205566,HQ205567,HQ205568,HQ205569,HQ205570,HQ205571,HQ205572,HQ205573,HQ205574,HQ205575,HQ205576,HQ205577,HQ205578,HQ205579,HQ205580,HQ205581,HQ205582,HQ205583,HQ205584,HQ205585,HQ692822,Hs.122926,Hs.594735,M69104,NM_000176,NM_000176.2,NM_001018074,NM_001018074.1,NM_001018075,NM_001018075.1,NM_001018076,NM_001018076.1,NM_001018077,NM_001018077.1,NM_001020825,NM_001020825.1,NM_001024094,NM_001024094.1,NM_001204258,NM_001204258.1,NM_001204259,NM_001204259.1,NM_001204260,NM_001204260.1,NM_001204261,NM_001204261.1,NM_001204262,NM_001204262.1,NM_001204263,NM_001204263.1,NM_001204264,NM_001204264.1,NP_000167,NP_000167.1,NP_001018084,NP_001018084.1,NP_001018085,NP_001018085.1,NP_001018086,NP_001018086.1,NP_001018087,NP_001018087.1,NP_001018661,NP_001018661.1,NP_001019265,NP_001019265.1,NP_001191187,NP_001191187.1,NP_001191188,NP_001191188.1,NP_001191189,NP_001191189.1,NP_001191190,NP_001191190.1,NP_001191191,NP_001191191.1,NP_001191192,NP_001191192.1,NP_001191193,NP_001191193.1,NP_001191194,NP_001191194.1,NR3C1,NR3C1-001,NR3C1-002,NR3C1-003,NR3C1-004,NR3C1-005,NR3C1-006,NR3C1-007,NR3C1-008,NR3C1-009,NR3C1-010,NR3C1-011,NR3C1-012,NR3C1-013,NR3C1-014,NR3C1-201,NR3C1-202,NX_P04150,Nuclear hormone receptors,Nuclear receptor subfamily 3 group C member 1,OMIM:138040,OTTHUMG00000129677,OTTHUMP00000160084,OTTHUMP00000160085,OTTHUMP00000222851,OTTHUMP00000222852,OTTHUMP00000222853,OTTHUMP00000222854,OTTHUMP00000222855,OTTHUMP00000222856,OTTHUMP00000222857,OTTHUMP00000222858,OTTHUMP00000222859,OTTHUMT00000251879,OTTHUMT00000251880,OTTHUMT00000370825,OTTHUMT00000370826,OTTHUMT00000370827,OTTHUMT00000370828,OTTHUMT00000370829,OTTHUMT00000370830,OTTHUMT00000370831,OTTHUMT00000370832,OTTHUMT00000370833,OTTHUMT00000370834,OTTHUMT00000370835,OTTHUMT00000370836,P04150,P04151,Q3MSN4,Q53EP5,Q6N0A4,S68378,U01351,U78506,U78507,U78508,U78509,U78510,U78511,U78512,U80946,U80947,UPI000002AA57,UPI000012B301,UPI000016A246,UPI00005B7225,UPI0000E8B16A,UPI0001D3B954,X03225,X03348,XM_005268419,XM_005268419.2,XM_005268419.3,XM_005268420,XM_005268420.2,XM_005268420.4,XM_005268421,XM_005268421.2,XM_005268422,XM_005268422.2,XM_005268422.3,XM_005268423,XM_005268423.2,XM_005268423.3,XM_017009397.1,XM_017009398.1,XP_005268476,XP_005268476.1,XP_005268477,XP_005268477.1,XP_005268478,XP_005268478.1,XP_005268479,XP_005268479.1,XP_005268480,XP_005268480.1,XP_016864886.1,XP_016864887.1,glucocorticoid receptor,hsa:2908,nuclear receptor subfamily 3 group C member 1,nuclear receptor subfamily 3, group C, member 1,uc003lmy.3,uc003lmy.4,uc003lna.3,uc003lnb.3,uc003lnc.3,uc003lnd.3,uc003lne.3,uc003lnf.3,uc003lng.2
PPP5C	9606.ENSP00000012443	Serine/threonine-protein phosphatase 5; Serine/threonine-protein phosphatase that dephosphorylates a myriad of proteins involved in different signaling pathways including the kinases CSNK1E, ASK1/MAP3K5, PRKDC and RAF1, the nuclear receptors NR3C1, PPARG, ESR1 and ESR2, SMAD proteins and TAU/MAPT. Implicated in wide ranging cellular processes, including apoptosis, differentiation, DNA damage response, cell survival, regulation of ion channels or circadian rhythms, in response to steroid and thyroid hormones, calcium, fatty acids, TGF-beta as well as oxidative and genotoxic stresses. Pa [...] 	https://smart.embl.de/smart/DDvec.cgi?smart=499:TPR(28|61)+TPR(62|95)+TPR(96|129)+PP2Ac(204|480)+	1A17,1S95,1WAO,2BUG,3.1.3.16,3H60,3H61,3H62,3H63,3H64,3H66,3H67,3H68,3H69,4ZVZ,4ZX2,5536,5HPE,5UI1,5WG8,A0A024R0Q7,A8MU39,AAB60384.1,AAD22669.1,AAH00750.4,AAH01831.4,AAH01970.1,AAP35939.1,AC007193,AK293402,B4DDZ8,BAG56909.1,BC000750,BC001831,BC001970,BT007275,C9JCL6,CAA61595.1,CAA63089.1,CAB022641,CCDS12684,CCDS12684.1,CHEMBL1293265,EAW57416.1,EAW57417.1,EC 3.1.3.16,ENSG00000011485,ENSP00000012443,ENSP00000318624,ENSP00000319076,ENSP00000375786,ENSP00000416807,ENSP00000434329,ENST00000012443,ENST00000315902,ENST00000315928,ENST00000391919,ENST00000451918,ENST00000467502,ENST00000467902,ENST00000478046,ENST00000486994,ENST00000487483,ENST00000491003,ENST00000492109,ENST00000493347,ENST00000525507,ENST00000527193,ENST00000527623,ENST00000532058,ENST00000595055,HGNC:9322,HPA029065,HPA056933,Hs.601993,Hs.654604,Hs.735375,NM_001204284,NM_001204284.1,NM_006247,NM_006247.3,NP_001191213,NP_001191213.1,NP_006238,NP_006238.1,NX_P53041,OMIM:600658,OTTHUMG00000134287,OTTHUMP00000165833,OTTHUMP00000165834,OTTHUMP00000233212,OTTHUMT00000258969,OTTHUMT00000258970,OTTHUMT00000258971,OTTHUMT00000258972,OTTHUMT00000258973,OTTHUMT00000258974,OTTHUMT00000258976,OTTHUMT00000258977,OTTHUMT00000258978,OTTHUMT00000390861,OTTHUMT00000390862,OTTHUMT00000390863,OTTHUMT00000390864,OTTHUMT00000390865,OTTHUMT00000466549,P53041,PP-T,PP5,PPP5,PPP5C,PPP5C-001,PPP5C-002,PPP5C-003,PPP5C-004,PPP5C-005,PPP5C-006,PPP5C-007,PPP5C-008,PPP5C-009,PPP5C-010,PPP5C-011,PPP5C-012,PPP5C-013,PPP5C-014,PPP5C-015,PPP5_HUMAN,PPT,Protein phosphatase 5 catalytic subunit,Protein phosphatase 5, catalytic subunit,Protein phosphatase T,Protein phosphatase catalytic subunits,Q16722,Q53XV2,Q9BPW0,Serine/threonine-protein phosphatase 5,Serine/threonine-protein phosphatase 5 ,Tetratricopeptide repeat domain containing,U25174,UPI0000041859,UPI0000E5A215,UPI0001F77CD8,X89416,X92121,hsa:5536,protein phosphatase 5 catalytic subunit,protein phosphatase 5, catalytic subunit,uc002pem.3,uc002pem.4,uc002pen.3
PTGES3	9606.ENSP00000482075	Cytosolic prostaglandin-e synthase; Prostaglandin E synthase 3; Cytosolic prostaglandin synthase that catalyzes the oxidoreduction of prostaglandin endoperoxide H2 (PGH2) to prostaglandin E2 (PGE2). Molecular chaperone that localizes to genomic response elements in a hormone-dependent manner and disrupts receptor-mediated transcriptional activation, by promoting disassembly of transcriptional regulatory complexes. Facilitates HIF alpha proteins hydroxylation via interaction with EGLN1/PHD2, leading to recruit EGLN1/PHD2 to the HSP90 pathway	https://smart.embl.de/smart/DDvec.cgi?smart=164:Pfam_CS(8|83)+	10728,1EJF,1LG0,5.3.99.3,A0A024RB32,A8K7D0,AAA18537.1,AAH03005.1,AAH21167.1,AK291945,AK293139,AK295208,AK298147,AK298160,B4DDC6,B4DHP2,B4DP11,B4DP21,BAF84634.1,BAG56687.1,BAG58204.1,BAG60423.1,BAG60433.1,BC003005,BC021167,CAB034319,CCDS31836,CCDS31836.1,CCDS61158,CCDS61158.1,CCDS61159,CCDS61159.1,CCDS61160,CCDS61160.1,CCDS73485,CCDS73485.1,Cytosolic prostaglandin E2 synthase,Cytosolic prostaglandin-E synthase ,EAW96953.1,EAW96956.1,EAW96957.1,EAW96958.1,EC 5.3.99.3,ENSG00000110958,ENSP00000262033,ENSP00000322179,ENSP00000347788,ENSP00000389090,ENSP00000402385,ENSP00000405299,ENSP00000414892,ENSP00000441535,ENSP00000482075,ENST00000262033,ENST00000326112,ENST00000355582,ENST00000414274,ENST00000436399,ENST00000448157,ENST00000456859,ENST00000537473,ENST00000614328,HGNC:16049,HPA038672,HPA038673,Hs.50425,Hs.598240,Hs.739520,Hsp90 co-chaperone,L24804,NM_001282601,NM_001282601.1,NM_001282602,NM_001282602.1,NM_001282603,NM_001282603.1,NM_001282604,NM_001282604.1,NM_001282605,NM_001282605.1,NM_006601,NM_006601.6,NP_001269530,NP_001269530.1,NP_001269531,NP_001269531.1,NP_001269532,NP_001269532.1,NP_001269533,NP_001269533.1,NP_001269534,NP_001269534.1,NP_006592,NP_006592.3,NR_104219,NR_104219.1,NX_Q15185,OMIM:607061,OTTHUMG00000170217,OTTHUMP00000243285,OTTHUMP00000243286,OTTHUMP00000243287,OTTHUMP00000243288,OTTHUMP00000243289,OTTHUMT00000408054,OTTHUMT00000408055,OTTHUMT00000408057,OTTHUMT00000408058,OTTHUMT00000408059,OTTHUMT00000408060,P23,PTGES3,PTGES3-001,PTGES3-002,PTGES3-003,PTGES3-004,PTGES3-006,PTGES3-007,PTGES3-201,Progesterone receptor complex p23,Prostaglandin E synthase 3,Prostaglandin E synthase 3 (cytosolic),Q15185,Q8WU70,TEBP,TEBP_HUMAN,Telomerase-binding protein p23,UPI0000052BAD,UPI0000052BAE,UPI00006DFC9F,UPI00017A6C84,UPI00017A7309,UPI00020A9F9B,XM_005268576,XM_005268576.2,XP_005268633,XP_005268633.1,XP_006719262,XP_006719262.1,cPGES,hsa:10728,p23,prostaglandin E synthase 3,prostaglandin E synthase 3 (cytosolic),uc001slu.5,uc001slu.6,uc001slv.5,uc001slw.4,uc010sqs.3,uc010sqt.3,uc031zdg.1
RPS6KB1	9606.ENSP00000225577	Ribosomal protein S6 kinase beta-1; Serine/threonine-protein kinase that acts downstream of mTOR signaling in response to growth factors and nutrients to promote cell proliferation, cell growth and cell cycle progression. Regulates protein synthesis through phosphorylation of EIF4B, RPS6 and EEF2K, and contributes to cell survival by repressing the pro-apoptotic function of BAD. Under conditions of nutrient depletion, the inactive form associates with the EIF3 translation initiation complex. Upon mitogenic stimulation, phosphorylation by the mammalian target of rapamycin complex 1 (mTO [...] 	https://smart.embl.de/smart/DDvec.cgi?smart=525:S_TKc(91|352)+S_TK_X(353|415)+	2.7.11.1,3A60,3A61,3A62,3WE4,3WF5,3WF6,3WF7,3WF8,3WF9,4L3J,4L3L,4L42,4L43,4L44,4L45,4L46,4RLO,4RLP,5WBH,5WBK,6198,70 kDa ribosomal protein S6 kinase 1,AAA36410.1,AAA36411.1,AAH53365.1,AC004686,AK297147,AK300202,AK312875,B2R779,B4DLT4,B4DTG1,BAG35726.1,BAG59646.1,BAG61973.1,BC053365,CAB003838,CAB018346,CCDS11621,CCDS11621.1,CCDS62271,CCDS62271.1,CCDS62272,CCDS62272.1,CCDS62273,CCDS62273.1,CHEMBL4501,E7ESB8,EAW94384.1,EC 2.7.11.1,ENSG00000108443,ENSP00000225577,ENSP00000376744,ENSP00000384335,ENSP00000409250,ENSP00000441993,ENSP00000464805,ENSP00000466562,ENSP00000468058,ENST00000225577,ENST00000393021,ENST00000406116,ENST00000425292,ENST00000443572,ENST00000472940,ENST00000475155,ENST00000477179,ENST00000489824,ENST00000587061,ENST00000587622,ENST00000590928,ENST00000592726,F6UYM1,HGNC:10436,HPA039442,Hs.463642,Hs.568211,Hs.601380,Hs.604293,Hs.613833,Hs.706493,K7EIM2,K7EMM2,K7ER06,KS6B1_HUMAN,M60724,M60725,NM_001272042,NM_001272042.1,NM_001272043,NM_001272043.1,NM_001272044,NM_001272044.1,NM_001272060,NM_001272060.1,NM_003161,NM_003161.3,NP_001258971,NP_001258971.1,NP_001258972,NP_001258972.1,NP_001258973,NP_001258973.1,NP_001258989,NP_001258989.1,NP_003152,NP_003152.1,NX_P23443,OMIM:608938,OTTHUMG00000150642,OTTHUMP00000198109,OTTHUMP00000198110,OTTHUMP00000263065,OTTHUMP00000263066,OTTHUMP00000263067,OTTHUMP00000265257,OTTHUMT00000319324,OTTHUMT00000319325,OTTHUMT00000319326,OTTHUMT00000319327,OTTHUMT00000319328,OTTHUMT00000319329,OTTHUMT00000449152,OTTHUMT00000449153,OTTHUMT00000449154,OTTHUMT00000449155,OTTHUMT00000449156,P23443,P70 ribosomal S6 kinase alpha,P70S6K1,PS6K,Q7Z721,RPS6KB1,RPS6KB1-001,RPS6KB1-002,RPS6KB1-003,RPS6KB1-004,RPS6KB1-005,RPS6KB1-006,RPS6KB1-007,RPS6KB1-008,RPS6KB1-009,RPS6KB1-010,RPS6KB1-011,RPS6KB1-201,Ribosomal protein S6 kinase B1,Ribosomal protein S6 kinase I,Ribosomal protein S6 kinase beta ,Ribosomal protein S6 kinase beta-1,S6K,S6K-beta-1,S6K1,STK14A,Serine/threonine-protein kinase 14A,UPI000013C873,UPI00001A3E8F,UPI0000E5A035,UPI00017A7382,UPI0001AE66E1,UPI0002841168,UPI0002841169,XM_006722010,XM_006722010.1,XP_006722072,XP_006722072.1,XP_006722073,XP_006722073.1,hsa:6198,p70 S6 kinase alpha,p70 S6K-alpha,p70 S6KA,p70 ribosomal S6 kinase alpha,p70(S6K)-alpha,p70-S6K,p70-S6K 1,p70-alpha,p70_S6KA,ribosomal protein S6 kinase B1,ribosomal protein S6 kinase, 70kD, polypeptide 1,uc002ixy.4,uc002ixy.5,uc010ddj.3,uc010wom.3,uc010won.3
SIRT1	9606.ENSP00000212015	NAD-dependent protein deacetylase sirtuin-1; NAD-dependent protein deacetylase that links transcriptional regulation directly to intracellular energetics and participates in the coordination of several separated cellular functions such as cell cycle, response to DNA damage, metobolism, apoptosis and autophagy. Can modulate chromatin function through deacetylation of histones and can promote alterations in the methylation of histones and DNA, leading to transcriptional repression. Deacetylates a broad range of transcription factors and coregulators, thereby regulating target gene expres [...] 	https://smart.embl.de/smart/DDvec.cgi?smart=747:Pfam_SIR2(261|447)+	2.3.1.-,2.3.1.286,23411,4I5I,4IF6,4IG9,4KXQ,4ZZH,4ZZI,4ZZJ,5BTR,75SirT1,A0A024QZQ1,A8K128,AAD40849.2,AAG38486.1,AAH12499.1,ABB72675.1,AF083106,AF235040,AK074805,AK289743,B0QZ35,BAF82432.1,BAG52006.1,BC012499,CAB003855,CAI16036.1,CCDS44412,CCDS44412.1,CCDS7273,CCDS7273.1,CCDS81469,CHEMBL4506,DQ278604,E9PC49,EAW54258.1,EAW54259.1,EC 2.3.1.286,ENSG00000096717,ENSP00000212015,ENSP00000362812,ENSP00000384063,ENSP00000384508,ENSP00000409208,ENST00000212015,ENST00000373708,ENST00000403579,ENST00000406900,ENST00000432464,ENST00000473922,ENST00000497639,HGNC:14929,HPA006295,HPA052351,Hs.369779,NAD+-dependent protein deacetylase sirtuin 1 ,NAD-dependent protein deacetylase sirtuin-1,NAD-dependent protein deacylase sirtuin-1,NM_001142498,NM_001142498.1,NM_001314049.1,NM_012238,NM_012238.4,NP_001135970,NP_001135970.1,NP_001300978.1,NP_036370,NP_036370.2,NX_Q96EB6,OMIM:604479,OTTHUMG00000018340,OTTHUMP00000019691,OTTHUMP00000198111,OTTHUMP00000198112,OTTHUMT00000048296,OTTHUMT00000048297,OTTHUMT00000319330,OTTHUMT00000319331,OTTHUMT00000319332,Q2XNF6,Q5JVQ0,Q96EB6,Q9GZR9,Q9Y6F0,Regulatory protein SIR2 homolog 1,SIR1_HUMAN,SIR2,SIR2-like protein 1,SIR2L1,SIR2alpha,SIRT1,SIRT1-001,SIRT1-002,SIRT1-003,SIRT1-004,SIRT1-005,SIRT1-201,SirtT1 75 kDa fragment,Sirtuin 1,Sirtuins,UPI0000073E1A,UPI000015D95A,UPI000188136F,XM_005269663,XM_005269663.1,XM_006717737,XM_006717737.1,XP_005269720,XP_005269720.1,XP_006717800,XP_006717800.1,eNoSC complex,hSIR2,hSIRT1,hsa:23411,sirtuin,sirtuin 1,uc001jnd.3,uc001jne.3,uc010qis.2
SMARCA4	9606.ENSP00000395654	Swi/snf related, matrix associated, actin dependent regulator of chromatin, subfamily a, member 4; Transcription activator BRG1; Involved in transcriptional activation and repression of select genes by chromatin remodeling (alteration of DNA-nucleosome topology). Component of SWI/SNF chromatin remodeling complexes that carry out key enzymatic activities, changing chromatin structure by altering DNA-histone contacts within a nucleosome in an ATP-dependent manner. Component of the CREST-BRG1 complex, a multiprotein complex that regulates promoter activation by orchestrating a calcium-dep [...] 	https://smart.embl.de/smart/DDvec.cgi?smart=1647:QLQ(170|206)+HSA(460|532)+COIL(563|595)+BRK(612|656)+DEXDc(750|942)+HELICc(1110|1194)+SnAC(1321|1389)+BROMO(1455|1566)+	2GRC,2H60,3.6.4.-,3UVD,5DKD,5EA1,6597,6BGH,6HR2,A7E2E1,AAB40977.1,AAC97986.1,AAC97987.1,AAG24789.1,AAG24790.1,AAI50299.1,AC006127,AC011442,ACA09750.1,ACA09751.1,ACA09752.1,ACA09753.1,AF254822,AK055168,AK290033,AK299761,ATP-dependent helicase SMARCA4,B1A8Z4,B1A8Z5,B1A8Z6,B1A8Z7,B3KNW7,B4DSI8,BAA05143.1,BAF complex,BAF190,BAF190A,BAF82722.1,BAG51479.1,BAG61650.1,BC150298,BRG1,BRG1-associated factor 190A,BRM/SWI2-related gene 1,Bromodomain containing,CAB004208,CCDS12253,CCDS12253.1,CCDS45972,CCDS45972.1,CCDS45973,CCDS45973.1,CCDS54217,CCDS54217.1,CCDS54218,CCDS54218.1,CSS4,D26156,E9PBR8,EAW84162.1,EAW84164.1,EAW84167.1,EC 3.6.4.-,ENSG00000127616,ENSP00000248185,ENSP00000270503,ENSP00000324770,ENSP00000324893,ENSP00000327754,ENSP00000343896,ENSP00000350720,ENSP00000392837,ENSP00000395654,ENSP00000397783,ENSP00000403803,ENSP00000414727,ENSP00000443848,ENSP00000445036,ENSP00000464778,ENSP00000466963,ENSP00000467200,ENSP00000467796,ENST00000248185,ENST00000270503,ENST00000324954,ENST00000324968,ENST00000327766,ENST00000344626,ENST00000350055,ENST00000358026,ENST00000413806,ENST00000421844,ENST00000429416,ENST00000444061,ENST00000450717,ENST00000538456,ENST00000541122,ENST00000585799,ENST00000586122,ENST00000586892,ENST00000586921,ENST00000586985,ENST00000587988,ENST00000589677,ENST00000590574,ENST00000591545,ENST00000591595,ENST00000592158,ENST00000592604,EU430756,EU430757,EU430758,EU430759,FLJ39786,GBAF complex,HGNC:11100,HPA048340,Hs.327527,Hs.741659,K7EP28,MRD16,Mitotic growth and transcription activator,NM_001128844,NM_001128844.1,NM_001128845,NM_001128845.1,NM_001128846,NM_001128846.1,NM_001128847,NM_001128847.1,NM_001128848,NM_001128848.1,NM_001128849,NM_001128849.1,NM_003072,NM_003072.3,NP_001122316,NP_001122316.1,NP_001122317,NP_001122317.1,NP_001122318,NP_001122318.1,NP_001122319,NP_001122319.1,NP_001122320,NP_001122320.1,NP_001122321,NP_001122321.1,NP_003063,NP_003063.2,NX_P51532,O95052,OMIM:603254,OTTHUMG00000169272,OTTHUMP00000240631,OTTHUMP00000240632,OTTHUMP00000240633,OTTHUMP00000240634,OTTHUMP00000240635,OTTHUMP00000265013,OTTHUMP00000265014,OTTHUMP00000265015,OTTHUMT00000403235,OTTHUMT00000403236,OTTHUMT00000403237,OTTHUMT00000403238,OTTHUMT00000403239,OTTHUMT00000403240,OTTHUMT00000452638,OTTHUMT00000452639,OTTHUMT00000452640,OTTHUMT00000452641,OTTHUMT00000452642,OTTHUMT00000452643,OTTHUMT00000452644,OTTHUMT00000452645,OTTHUMT00000452646,OTTHUMT00000452647,OTTHUMT00000452648,P51532,PBAF complex,Protein BRG-1,Protein brahma homolog 1,Q9HBD3,Q9HBD4,RTPS2,SMARCA4,SMARCA4-001,SMARCA4-002,SMARCA4-003,SMARCA4-004,SMARCA4-005,SMARCA4-006,SMARCA4-007,SMARCA4-008,SMARCA4-009,SMARCA4-010,SMARCA4-011,SMARCA4-012,SMARCA4-013,SMARCA4-014,SMARCA4-015,SMARCA4-016,SMARCA4-018,SMARCA4-201,SMARCA4-202,SMCA4_HUMAN,SNF2,SNF2-BETA,SNF2-beta,SNF2-like 4,SNF2B,SNF2L4,SNF2LB,SWI2,Transcription activator BRG1,U29175,UPI000006F973,UPI000006FF7A,UPI0000EE5FF6,UPI000165D5FA,UPI000165D5FB,UPI000165D5FC,UPI000206548D,UPI00028408E0,UPI00028408E1,XM_005260028,XM_005260028.1,XM_005260031,XM_005260031.1,XM_005260032,XM_005260033,XM_005260034,XM_005260035,XM_006722845,XM_006722845.1,XM_006722846,XM_006722846.1,XM_006722847,XM_006722847.1,XM_017027165.1,XM_017027166.1,XM_017027167.1,XM_017027168.1,XP_005260085,XP_005260085.1,XP_005260088,XP_005260088.1,XP_005260089,XP_005260089.1,XP_005260090,XP_005260090.1,XP_005260091,XP_005260091.1,XP_005260092,XP_005260092.1,XP_006722908,XP_006722908.1,XP_006722909,XP_006722909.1,XP_006722910,XP_006722910.1,XP_016882654.1,XP_016882655.1,XP_016882656.1,XP_016882657.1,brahma protein-like 1,hSNF2b,homeotic gene regulator,hsa:6597,mitotic growth and transcription activator,nuclear protein GRB1,sucrose nonfermenting-like 4,uc002mqf.4,uc002mqf.5,uc002mqj.4,uc010dxo.3,uc010dxp.3,uc010dxq.3,uc010dxr.3,uc010dxs.3,uc060tnr.1
STUB1	9606.ENSP00000219548	E3 ubiquitin-protein ligase CHIP; E3 ubiquitin-protein ligase which targets misfolded chaperone substrates towards proteasomal degradation. Collaborates with ATXN3 in the degradation of misfolded chaperone substrates: ATXN3 restricting the length of ubiquitin chain attached to STUB1/CHIP substrates and preventing further chain extension. Ubiquitinates NOS1 in concert with Hsp70 and Hsp40. Modulates the activity of several chaperone complexes, including Hsp70, Hsc70 and Hsp90. Mediates transfer of non-canonical short ubiquitin chains to HSPA8 that have no effect on HSPA8 degradation. Me [...] 	https://smart.embl.de/smart/DDvec.cgi?smart=303:TPR(26|59)+TPR(60|93)+TPR(94|127)+COIL(156|176)+Ubox(230|293)+	10273,2.3.2.27,4KBQ,6EFK,6NSV,A2IDB9,AAC18038.1,AAD33400.1,AAG17211.1,AAH07545.1,AAH17178.1,AAH22788.1,AAH63617.1,AAK61242.1,AAL99927.1,AF039689,AF129085,AF217968,AF432221,Antigen NY-CO-7,BC007545,BC017178,BC022788,BC063617,CAB037202,CAB037209,CAM26348.1,CCDS10419,CCDS10419.1,CCDS76797,CHIP,CHIP_HUMAN,CLL-associated antigen KW-8,Carboxy terminus of Hsp70-interacting protein,E3 ubiquitin-protein ligase CHIP,EAW85758.1,EC 2.3.2.27,ENSG00000103266,ENSP00000219548,ENSP00000455389,ENSP00000455661,ENSP00000456591,ENSP00000456875,ENSP00000457090,ENSP00000457228,ENSP00000457583,ENSP00000476751,ENST00000219548,ENST00000563505,ENST00000564316,ENST00000564370,ENST00000565677,ENST00000565813,ENST00000566181,ENST00000566408,ENST00000567173,ENST00000567790,ENST00000569248,H3BS86,HGNC:11427,HPA041222,HPA043531,HSPABP2,Hs.592081,NM_001293197,NM_001293197.1,NM_005861,NM_005861.2,NM_005861.3,NP_001280126,NP_001280126.1,NP_005852,NP_005852.2,NX_Q9UNE7,NY-CO-7,O60526,OMIM:607207,OTTHUMG00000121140,OTTHUMP00000149944,OTTHUMP00000249704,OTTHUMP00000249705,OTTHUMP00000249707,OTTHUMP00000249709,OTTHUMP00000249777,OTTHUMP00000274058,OTTHUMT00000241618,OTTHUMT00000421293,OTTHUMT00000421294,OTTHUMT00000421295,OTTHUMT00000421296,OTTHUMT00000421297,OTTHUMT00000421298,OTTHUMT00000421299,OTTHUMT00000421300,OTTHUMT00000421437,OTTHUMT00000471895,PP1131,Q969U2,Q9HBT1,Q9UNE7,RING-type E3 ubiquitin transferase CHIP,SCA48,SCAR16,SDCCAG7,STIP1 homology and U box-containing protein 1,STIP1 homology and U-box containing protein 1,STIP1 homology and U-box containing protein 1 ,STUB1,STUB1-001,STUB1-002,STUB1-003,STUB1-004,STUB1-005,STUB1-006,STUB1-007,STUB1-008,STUB1-010,STUB1-011,STUB1-012,Tetratricopeptide repeat domain containing,U-box domain containing,UBOX1,UPI000006E1B4,UPI00000708C1,UPI0002466C9F,UPI0002466CA3,UPI00025A2DB9,UPI0003B9284D,hsa:10273,uc002cit.3,uc002cit.4,uc002ciu.3
TSC2	9606.ENSP00000219476	Tuberin; In complex with TSC1, this tumor suppressor inhibits the nutrient-mediated or growth factor-stimulated phosphorylation of S6K1 and EIF4EBP1 by negatively regulating mTORC1 signaling. Acts as a GTPase-activating protein (GAP) for the small GTPase RHEB, a direct activator of the protein kinase activity of mTORC1. May also play a role in microtubule-mediated protein transport. Also stimulates the intrinsic GTPase activity of the Ras-related proteins RAP1A and RAB5; Armadillo-like helical domain containing	https://smart.embl.de/smart/DDvec.cgi?smart=1807:Pfam_DUF3384(54|470)+Pfam_Tuberin(555|903)+Pfam_Rap_GAP(1561|1749)+	7249,A7E2E2,AAB41564.1,AAC34210.1,AAH25364.1,AAH46929.1,AAI50301.1,AB014460,AB210000,AC005600,AC093513,AHW56594.1,AHW56595.1,AK295672,AK295728,AK299343,Armadillo-like helical domain containing,B4DIL8,B4DIQ7,B4DRN2,B7Z2B8,BAA32694.1,BAE06082.1,BAG58530.1,BAG58569.1,BAG61344.1,BC025364,BC046929,BC150300,BX647816,C9J378,CAA53287.1,CAB002225,CAI46010.1,CCDS10458,CCDS10458.1,CCDS45384,CCDS45384.1,CCDS58408,CCDS58408.1,CCDS81932,CCDS81933,CCDS81934,DKFZP686N1252,EAW85556.1,ENSG00000103197,ENSP00000219476,ENSP00000248099,ENSP00000322725,ENSP00000323658,ENSP00000344383,ENSP00000371978,ENSP00000384468,ENSP00000387937,ENSP00000387983,ENSP00000399232,ENSP00000406980,ENSP00000454487,ENSP00000454997,ENSP00000455817,ENSP00000455997,ENSP00000458541,ENSP00000460310,ENST00000219476,ENST00000248099,ENST00000318501,ENST00000318544,ENST00000350773,ENST00000353929,ENST00000382538,ENST00000401874,ENST00000432909,ENST00000439117,ENST00000439673,ENST00000445113,ENST00000461648,ENST00000463601,ENST00000463808,ENST00000467949,ENST00000471143,ENST00000483020,ENST00000488675,ENST00000490108,ENST00000497886,ENST00000561695,ENST00000562474,ENST00000563346,ENST00000568238,ENST00000568366,ENST00000568454,ENST00000568566,ENST00000568692,ENST00000569110,ENST00000569930,H3BMQ0,H3BNT5,H3BQY7,HGNC:12363,HPA030409,HPA049679,Hs.90303,I3L3B1,KJ534954,KJ534955,L48517,L48518,L48519,L48521,L48522,L48523,L48524,L48525,L48526,L48527,L48528,L48529,L48530,L48531,L48532,L48533,L48534,L48535,L48536,L48537,L48538,L48539,L48540,L48541,L48542,L48543,L48544,L48545,L48546,LAM,LRG_487,LRG_487t1,NM_000548,NM_000548.3,NM_000548.4,NM_001077183,NM_001077183.1,NM_001077183.2,NM_001114382,NM_001114382.1,NM_001114382.2,NM_001318827.1,NM_001318829.1,NM_001318831.1,NM_001318832.1,NP_000539,NP_000539.2,NP_001070651,NP_001070651.1,NP_001107854,NP_001107854.1,NP_001305756.1,NP_001305758.1,NP_001305760.1,NP_001305761.1,NX_P49815,O75275,OMIM:191092,OTTHUMG00000128745,OTTHUMP00000158940,OTTHUMP00000158941,OTTHUMP00000198394,OTTHUMP00000198395,OTTHUMP00000198396,OTTHUMP00000198397,OTTHUMP00000255506,OTTHUMP00000255507,OTTHUMP00000255508,OTTHUMP00000255509,OTTHUMP00000255510,OTTHUMP00000258542,OTTHUMP00000258543,OTTHUMT00000250657,OTTHUMT00000250658,OTTHUMT00000319841,OTTHUMT00000319842,OTTHUMT00000319843,OTTHUMT00000319844,OTTHUMT00000319845,OTTHUMT00000319852,OTTHUMT00000319853,OTTHUMT00000319854,OTTHUMT00000319855,OTTHUMT00000319856,OTTHUMT00000319857,OTTHUMT00000319858,OTTHUMT00000324879,OTTHUMT00000434564,OTTHUMT00000434565,OTTHUMT00000434566,OTTHUMT00000434567,OTTHUMT00000434569,OTTHUMT00000434570,OTTHUMT00000434571,OTTHUMT00000434572,OTTHUMT00000434573,OTTHUMT00000434574,OTTHUMT00000434575,P49815,PPP1R160,Protein phosphatase 1 regulatory subunits,Q4LE71,Q5HYF7,Q8TAZ1,TSC complex,TSC complex subunit 2,TSC2,TSC2-001,TSC2-002,TSC2-003,TSC2-004,TSC2-005,TSC2-006,TSC2-007,TSC2-008,TSC2-009,TSC2-010,TSC2-011,TSC2-012,TSC2-013,TSC2-014,TSC2-015,TSC2-016,TSC2-017,TSC2-019,TSC2-020,TSC2-021,TSC2-022,TSC2-023,TSC2-024,TSC2-025,TSC2-026,TSC2-027,TSC2_HUMAN,TSC4,Tuberin,Tuberous sclerosis 2,Tuberous sclerosis 2 protein,UPI000013C781,UPI00001695DA,UPI00004C414A,UPI0000E5923E,UPI00017A7133,UPI0001AE67A6,UPI0002466D32,UPI0002466D33,UPI0002466D34,UPI0002466D35,UPI0002466D36,UPI00025A2DD7,UPI00025A2DD8,X5D2U8,X5D7Q2,X75621,XM_005255527,XM_005255527.2,XM_005255528,XM_005255528.2,XM_005255529,XM_005255529.2,XM_005255529.4,XM_005255530,XM_005255530.2,XM_005255531,XM_005255531.2,XM_005255532,XM_005255532.2,XM_017023616.1,XP_005255584,XP_005255584.1,XP_005255585,XP_005255585.1,XP_005255586,XP_005255586.1,XP_005255586.2,XP_005255587,XP_005255587.1,XP_005255588,XP_005255588.1,XP_005255589,XP_005255589.1,XP_016879105.1,hsa:7249,protein phosphatase 1, regulatory subunit 160,tuberin,tuberous sclerosis 2,uc002con.3,uc002con.4,uc002coo.3,uc002coq.3,uc010bsd.3,uc010uvv.2,uc010uvw.2
